config_id,plateau,profondeur,equipes,joueurs_par_equipe,total_joueurs,equipe1_strategie,equipe1_heuristique,equipe2_strategie,equipe2_heuristique,equipe3_strategie,equipe3_heuristique,equipe4_strategie,equipe4_heuristique,partie,taille_grille,equipe_gagnante,temps_moyen,nb_moyen_tours
P20_D3_T1_AlphaBetaStrategie_FreeSpaceHeuristic_T2_AlphaBetaStrategie_VoronoiHeuristic_T3_AlphaBetaStrategie_TreeOfChambersHeuristic_T4_MaxNStrategie_FreeSpaceHeuristic,20,3,4,2,8,AlphaBetaStrategie,FreeSpaceHeuristic,AlphaBetaStrategie,VoronoiHeuristic,AlphaBetaStrategie,TreeOfChambersHeuristic,MaxNStrategie,FreeSpaceHeuristic,1,400,Equipe_2,2918,8
P20_D3_T1_AlphaBetaStrategie_FreeSpaceHeuristic_T2_AlphaBetaStrategie_VoronoiHeuristic_T3_AlphaBetaStrategie_TreeOfChambersHeuristic_T4_MaxNStrategie_FreeSpaceHeuristic,20,3,4,2,8,AlphaBetaStrategie,FreeSpaceHeuristic,AlphaBetaStrategie,VoronoiHeuristic,AlphaBetaStrategie,TreeOfChambersHeuristic,MaxNStrategie,FreeSpaceHeuristic,2,400,Equipe_2,3270,9
P20_D3_T1_AlphaBetaStrategie_FreeSpaceHeuristic_T2_AlphaBetaStrategie_VoronoiHeuristic_T3_AlphaBetaStrategie_TreeOfChambersHeuristic_T4_MaxNStrategie_FreeSpaceHeuristic,20,3,4,2,8,AlphaBetaStrategie,FreeSpaceHeuristic,AlphaBetaStrategie,VoronoiHeuristic,AlphaBetaStrategie,TreeOfChambersHeuristic,MaxNStrategie,FreeSpaceHeuristic,3,400,Equipe_2,2325,3
P20_D3_T1_AlphaBetaStrategie_FreeSpaceHeuristic_T2_AlphaBetaStrategie_VoronoiHeuristic_T3_AlphaBetaStrategie_TreeOfChambersHeuristic_T4_MaxNStrategie_FreeSpaceHeuristic,20,3,4,2,8,AlphaBetaStrategie,FreeSpaceHeuristic,AlphaBetaStrategie,VoronoiHeuristic,AlphaBetaStrategie,TreeOfChambersHeuristic,MaxNStrategie,FreeSpaceHeuristic,4,400,Equipe_2,3250,5
P20_D3_T1_AlphaBetaStrategie_FreeSpaceHeuristic_T2_AlphaBetaStrategie_VoronoiHeuristic_T3_AlphaBetaStrategie_TreeOfChambersHeuristic_T4_MaxNStrategie_FreeSpaceHeuristic,20,3,4,2,8,AlphaBetaStrategie,FreeSpaceHeuristic,AlphaBetaStrategie,VoronoiHeuristic,AlphaBetaStrategie,TreeOfChambersHeuristic,MaxNStrategie,FreeSpaceHeuristic,5,400,Equipe_2,2581,4
P20_D3_T1_AlphaBetaStrategie_FreeSpaceHeuristic_T2_AlphaBetaStrategie_VoronoiHeuristic_T3_AlphaBetaStrategie_TreeOfChambersHeuristic_T4_MaxNStrategie_FreeSpaceHeuristic,20,3,4,2,8,AlphaBetaStrategie,FreeSpaceHeuristic,AlphaBetaStrategie,VoronoiHeuristic,AlphaBetaStrategie,TreeOfChambersHeuristic,MaxNStrategie,FreeSpaceHeuristic,6,400,Equipe_2,2824,6
P20_D3_T1_AlphaBetaStrategie_FreeSpaceHeuristic_T2_AlphaBetaStrategie_VoronoiHeuristic_T3_AlphaBetaStrategie_TreeOfChambersHeuristic_T4_MaxNStrategie_FreeSpaceHeuristic,20,3,4,2,8,AlphaBetaStrategie,FreeSpaceHeuristic,AlphaBetaStrategie,VoronoiHeuristic,AlphaBetaStrategie,TreeOfChambersHeuristic,MaxNStrategie,FreeSpaceHeuristic,7,400,Equipe_2,2463,3
P20_D3_T1_AlphaBetaStrategie_FreeSpaceHeuristic_T2_AlphaBetaStrategie_VoronoiHeuristic_T3_AlphaBetaStrategie_TreeOfChambersHeuristic_T4_MaxNStrategie_FreeSpaceHeuristic,20,3,4,2,8,AlphaBetaStrategie,FreeSpaceHeuristic,AlphaBetaStrategie,VoronoiHeuristic,AlphaBetaStrategie,TreeOfChambersHeuristic,MaxNStrategie,FreeSpaceHeuristic,8,400,Equipe_2,1906,3
P20_D3_T1_AlphaBetaStrategie_FreeSpaceHeuristic_T2_AlphaBetaStrategie_VoronoiHeuristic_T3_AlphaBetaStrategie_TreeOfChambersHeuristic_T4_MaxNStrategie_FreeSpaceHeuristic,20,3,4,2,8,AlphaBetaStrategie,FreeSpaceHeuristic,AlphaBetaStrategie,VoronoiHeuristic,AlphaBetaStrategie,TreeOfChambersHeuristic,MaxNStrategie,FreeSpaceHeuristic,9,400,Equipe_2,808,3
P20_D3_T1_AlphaBetaStrategie_FreeSpaceHeuristic_T2_AlphaBetaStrategie_VoronoiHeuristic_T3_AlphaBetaStrategie_TreeOfChambersHeuristic_T4_MaxNStrategie_FreeSpaceHeuristic,20,3,4,2,8,AlphaBetaStrategie,FreeSpaceHeuristic,AlphaBetaStrategie,VoronoiHeuristic,AlphaBetaStrategie,TreeOfChambersHeuristic,MaxNStrategie,FreeSpaceHeuristic,10,400,Equipe_3,1859,6
P20_D3_T1_AlphaBetaStrategie_FreeSpaceHeuristic_T2_AlphaBetaStrategie_VoronoiHeuristic_T3_AlphaBetaStrategie_TreeOfChambersHeuristic_T4_MaxNStrategie_FreeSpaceHeuristic,20,3,4,2,8,AlphaBetaStrategie,FreeSpaceHeuristic,AlphaBetaStrategie,VoronoiHeuristic,AlphaBetaStrategie,TreeOfChambersHeuristic,MaxNStrategie,FreeSpaceHeuristic,11,400,Equipe_2,1154,3
P20_D3_T1_AlphaBetaStrategie_FreeSpaceHeuristic_T2_AlphaBetaStrategie_VoronoiHeuristic_T3_AlphaBetaStrategie_TreeOfChambersHeuristic_T4_MaxNStrategie_FreeSpaceHeuristic,20,3,4,2,8,AlphaBetaStrategie,FreeSpaceHeuristic,AlphaBetaStrategie,VoronoiHeuristic,AlphaBetaStrategie,TreeOfChambersHeuristic,MaxNStrategie,FreeSpaceHeuristic,12,400,Equipe_2,1620,7
P20_D3_T1_AlphaBetaStrategie_FreeSpaceHeuristic_T2_AlphaBetaStrategie_VoronoiHeuristic_T3_AlphaBetaStrategie_TreeOfChambersHeuristic_T4_MaxNStrategie_FreeSpaceHeuristic,20,3,4,2,8,AlphaBetaStrategie,FreeSpaceHeuristic,AlphaBetaStrategie,VoronoiHeuristic,AlphaBetaStrategie,TreeOfChambersHeuristic,MaxNStrategie,FreeSpaceHeuristic,13,400,Equipe_3,1191,6
P20_D3_T1_AlphaBetaStrategie_FreeSpaceHeuristic_T2_AlphaBetaStrategie_VoronoiHeuristic_T3_AlphaBetaStrategie_TreeOfChambersHeuristic_T4_MaxNStrategie_FreeSpaceHeuristic,20,3,4,2,8,AlphaBetaStrategie,FreeSpaceHeuristic,AlphaBetaStrategie,VoronoiHeuristic,AlphaBetaStrategie,TreeOfChambersHeuristic,MaxNStrategie,FreeSpaceHeuristic,14,400,Equipe_2,1702,4
P20_D3_T1_AlphaBetaStrategie_FreeSpaceHeuristic_T2_AlphaBetaStrategie_VoronoiHeuristic_T3_AlphaBetaStrategie_TreeOfChambersHeuristic_T4_MaxNStrategie_FreeSpaceHeuristic,20,3,4,2,8,AlphaBetaStrategie,FreeSpaceHeuristic,AlphaBetaStrategie,VoronoiHeuristic,AlphaBetaStrategie,TreeOfChambersHeuristic,MaxNStrategie,FreeSpaceHeuristic,15,400,Equipe_3,3510,11
P20_D3_T1_AlphaBetaStrategie_FreeSpaceHeuristic_T2_AlphaBetaStrategie_VoronoiHeuristic_T3_AlphaBetaStrategie_TreeOfChambersHeuristic_T4_MaxNStrategie_FreeSpaceHeuristic,20,3,4,2,8,AlphaBetaStrategie,FreeSpaceHeuristic,AlphaBetaStrategie,VoronoiHeuristic,AlphaBetaStrategie,TreeOfChambersHeuristic,MaxNStrategie,FreeSpaceHeuristic,16,400,Equipe_2,2150,5
P20_D3_T1_AlphaBetaStrategie_FreeSpaceHeuristic_T2_AlphaBetaStrategie_VoronoiHeuristic_T3_AlphaBetaStrategie_TreeOfChambersHeuristic_T4_MaxNStrategie_FreeSpaceHeuristic,20,3,4,2,8,AlphaBetaStrategie,FreeSpaceHeuristic,AlphaBetaStrategie,VoronoiHeuristic,AlphaBetaStrategie,TreeOfChambersHeuristic,MaxNStrategie,FreeSpaceHeuristic,17,400,Equipe_2,881,3
P20_D3_T1_AlphaBetaStrategie_FreeSpaceHeuristic_T2_AlphaBetaStrategie_VoronoiHeuristic_T3_AlphaBetaStrategie_TreeOfChambersHeuristic_T4_MaxNStrategie_FreeSpaceHeuristic,20,3,4,2,8,AlphaBetaStrategie,FreeSpaceHeuristic,AlphaBetaStrategie,VoronoiHeuristic,AlphaBetaStrategie,TreeOfChambersHeuristic,MaxNStrategie,FreeSpaceHeuristic,18,400,Equipe_2,1979,9
P20_D3_T1_AlphaBetaStrategie_FreeSpaceHeuristic_T2_AlphaBetaStrategie_VoronoiHeuristic_T3_AlphaBetaStrategie_TreeOfChambersHeuristic_T4_MaxNStrategie_FreeSpaceHeuristic,20,3,4,2,8,AlphaBetaStrategie,FreeSpaceHeuristic,AlphaBetaStrategie,VoronoiHeuristic,AlphaBetaStrategie,TreeOfChambersHeuristic,MaxNStrategie,FreeSpaceHeuristic,19,400,Equipe_2,1490,4
P20_D3_T1_AlphaBetaStrategie_FreeSpaceHeuristic_T2_AlphaBetaStrategie_VoronoiHeuristic_T3_AlphaBetaStrategie_TreeOfChambersHeuristic_T4_MaxNStrategie_FreeSpaceHeuristic,20,3,4,2,8,AlphaBetaStrategie,FreeSpaceHeuristic,AlphaBetaStrategie,VoronoiHeuristic,AlphaBetaStrategie,TreeOfChambersHeuristic,MaxNStrategie,FreeSpaceHeuristic,20,400,Equipe_2,1663,5
P20_D3_T1_AlphaBetaStrategie_FreeSpaceHeuristic_T2_AlphaBetaStrategie_VoronoiHeuristic_T3_AlphaBetaStrategie_TreeOfChambersHeuristic_T4_MaxNStrategie_FreeSpaceHeuristic,20,3,4,2,8,AlphaBetaStrategie,FreeSpaceHeuristic,AlphaBetaStrategie,VoronoiHeuristic,AlphaBetaStrategie,TreeOfChambersHeuristic,MaxNStrategie,FreeSpaceHeuristic,21,400,Equipe_2,2242,4
P20_D3_T1_AlphaBetaStrategie_FreeSpaceHeuristic_T2_AlphaBetaStrategie_VoronoiHeuristic_T3_AlphaBetaStrategie_TreeOfChambersHeuristic_T4_MaxNStrategie_FreeSpaceHeuristic,20,3,4,2,8,AlphaBetaStrategie,FreeSpaceHeuristic,AlphaBetaStrategie,VoronoiHeuristic,AlphaBetaStrategie,TreeOfChambersHeuristic,MaxNStrategie,FreeSpaceHeuristic,22,400,Equipe_2,1266,4
P20_D3_T1_AlphaBetaStrategie_FreeSpaceHeuristic_T2_AlphaBetaStrategie_VoronoiHeuristic_T3_AlphaBetaStrategie_TreeOfChambersHeuristic_T4_MaxNStrategie_FreeSpaceHeuristic,20,3,4,2,8,AlphaBetaStrategie,FreeSpaceHeuristic,AlphaBetaStrategie,VoronoiHeuristic,AlphaBetaStrategie,TreeOfChambersHeuristic,MaxNStrategie,FreeSpaceHeuristic,23,400,Equipe_2,677,2
P20_D3_T1_AlphaBetaStrategie_FreeSpaceHeuristic_T2_AlphaBetaStrategie_VoronoiHeuristic_T3_AlphaBetaStrategie_TreeOfChambersHeuristic_T4_MaxNStrategie_FreeSpaceHeuristic,20,3,4,2,8,AlphaBetaStrategie,FreeSpaceHeuristic,AlphaBetaStrategie,VoronoiHeuristic,AlphaBetaStrategie,TreeOfChambersHeuristic,MaxNStrategie,FreeSpaceHeuristic,24,400,Equipe_2,1305,3
P20_D3_T1_AlphaBetaStrategie_FreeSpaceHeuristic_T2_AlphaBetaStrategie_VoronoiHeuristic_T3_AlphaBetaStrategie_TreeOfChambersHeuristic_T4_MaxNStrategie_FreeSpaceHeuristic,20,3,4,2,8,AlphaBetaStrategie,FreeSpaceHeuristic,AlphaBetaStrategie,VoronoiHeuristic,AlphaBetaStrategie,TreeOfChambersHeuristic,MaxNStrategie,FreeSpaceHeuristic,25,400,Equipe_2,3068,11
P20_D3_T1_AlphaBetaStrategie_FreeSpaceHeuristic_T2_AlphaBetaStrategie_VoronoiHeuristic_T3_AlphaBetaStrategie_TreeOfChambersHeuristic_T4_MaxNStrategie_FreeSpaceHeuristic,20,3,4,2,8,AlphaBetaStrategie,FreeSpaceHeuristic,AlphaBetaStrategie,VoronoiHeuristic,AlphaBetaStrategie,TreeOfChambersHeuristic,MaxNStrategie,FreeSpaceHeuristic,26,400,Equipe_2,1683,5
P20_D3_T1_AlphaBetaStrategie_FreeSpaceHeuristic_T2_AlphaBetaStrategie_VoronoiHeuristic_T3_AlphaBetaStrategie_TreeOfChambersHeuristic_T4_MaxNStrategie_FreeSpaceHeuristic,20,3,4,2,8,AlphaBetaStrategie,FreeSpaceHeuristic,AlphaBetaStrategie,VoronoiHeuristic,AlphaBetaStrategie,TreeOfChambersHeuristic,MaxNStrategie,FreeSpaceHeuristic,27,400,Equipe_2,1543,4
P20_D3_T1_AlphaBetaStrategie_FreeSpaceHeuristic_T2_AlphaBetaStrategie_VoronoiHeuristic_T3_AlphaBetaStrategie_TreeOfChambersHeuristic_T4_MaxNStrategie_FreeSpaceHeuristic,20,3,4,2,8,AlphaBetaStrategie,FreeSpaceHeuristic,AlphaBetaStrategie,VoronoiHeuristic,AlphaBetaStrategie,TreeOfChambersHeuristic,MaxNStrategie,FreeSpaceHeuristic,28,400,Equipe_2,1380,5
P20_D3_T1_AlphaBetaStrategie_FreeSpaceHeuristic_T2_AlphaBetaStrategie_VoronoiHeuristic_T3_AlphaBetaStrategie_TreeOfChambersHeuristic_T4_MaxNStrategie_FreeSpaceHeuristic,20,3,4,2,8,AlphaBetaStrategie,FreeSpaceHeuristic,AlphaBetaStrategie,VoronoiHeuristic,AlphaBetaStrategie,TreeOfChambersHeuristic,MaxNStrategie,FreeSpaceHeuristic,29,400,Equipe_2,1178,2
P20_D3_T1_AlphaBetaStrategie_FreeSpaceHeuristic_T2_AlphaBetaStrategie_VoronoiHeuristic_T3_AlphaBetaStrategie_TreeOfChambersHeuristic_T4_MaxNStrategie_FreeSpaceHeuristic,20,3,4,2,8,AlphaBetaStrategie,FreeSpaceHeuristic,AlphaBetaStrategie,VoronoiHeuristic,AlphaBetaStrategie,TreeOfChambersHeuristic,MaxNStrategie,FreeSpaceHeuristic,30,400,Equipe_2,1909,10
P20_D3_T1_AlphaBetaStrategie_FreeSpaceHeuristic_T2_AlphaBetaStrategie_VoronoiHeuristic_T3_AlphaBetaStrategie_TreeOfChambersHeuristic_T4_MaxNStrategie_FreeSpaceHeuristic,20,3,4,2,8,AlphaBetaStrategie,FreeSpaceHeuristic,AlphaBetaStrategie,VoronoiHeuristic,AlphaBetaStrategie,TreeOfChambersHeuristic,MaxNStrategie,FreeSpaceHeuristic,31,400,Equipe_2,1251,3
P20_D3_T1_AlphaBetaStrategie_FreeSpaceHeuristic_T2_AlphaBetaStrategie_VoronoiHeuristic_T3_AlphaBetaStrategie_TreeOfChambersHeuristic_T4_MaxNStrategie_FreeSpaceHeuristic,20,3,4,2,8,AlphaBetaStrategie,FreeSpaceHeuristic,AlphaBetaStrategie,VoronoiHeuristic,AlphaBetaStrategie,TreeOfChambersHeuristic,MaxNStrategie,FreeSpaceHeuristic,32,400,Equipe_2,2003,5
P20_D3_T1_AlphaBetaStrategie_FreeSpaceHeuristic_T2_AlphaBetaStrategie_VoronoiHeuristic_T3_AlphaBetaStrategie_TreeOfChambersHeuristic_T4_MaxNStrategie_FreeSpaceHeuristic,20,3,4,2,8,AlphaBetaStrategie,FreeSpaceHeuristic,AlphaBetaStrategie,VoronoiHeuristic,AlphaBetaStrategie,TreeOfChambersHeuristic,MaxNStrategie,FreeSpaceHeuristic,33,400,Equipe_2,1845,5
P20_D3_T1_AlphaBetaStrategie_FreeSpaceHeuristic_T2_AlphaBetaStrategie_VoronoiHeuristic_T3_AlphaBetaStrategie_TreeOfChambersHeuristic_T4_MaxNStrategie_FreeSpaceHeuristic,20,3,4,2,8,AlphaBetaStrategie,FreeSpaceHeuristic,AlphaBetaStrategie,VoronoiHeuristic,AlphaBetaStrategie,TreeOfChambersHeuristic,MaxNStrategie,FreeSpaceHeuristic,34,400,Equipe_3,2723,10
P20_D3_T1_AlphaBetaStrategie_FreeSpaceHeuristic_T2_AlphaBetaStrategie_VoronoiHeuristic_T3_AlphaBetaStrategie_TreeOfChambersHeuristic_T4_MaxNStrategie_FreeSpaceHeuristic,20,3,4,2,8,AlphaBetaStrategie,FreeSpaceHeuristic,AlphaBetaStrategie,VoronoiHeuristic,AlphaBetaStrategie,TreeOfChambersHeuristic,MaxNStrategie,FreeSpaceHeuristic,35,400,Equipe_3,2272,8
P20_D3_T1_AlphaBetaStrategie_FreeSpaceHeuristic_T2_AlphaBetaStrategie_VoronoiHeuristic_T3_AlphaBetaStrategie_TreeOfChambersHeuristic_T4_MaxNStrategie_FreeSpaceHeuristic,20,3,4,2,8,AlphaBetaStrategie,FreeSpaceHeuristic,AlphaBetaStrategie,VoronoiHeuristic,AlphaBetaStrategie,TreeOfChambersHeuristic,MaxNStrategie,FreeSpaceHeuristic,36,400,Equipe_2,1610,5
P20_D3_T1_AlphaBetaStrategie_FreeSpaceHeuristic_T2_AlphaBetaStrategie_VoronoiHeuristic_T3_AlphaBetaStrategie_TreeOfChambersHeuristic_T4_MaxNStrategie_FreeSpaceHeuristic,20,3,4,2,8,AlphaBetaStrategie,FreeSpaceHeuristic,AlphaBetaStrategie,VoronoiHeuristic,AlphaBetaStrategie,TreeOfChambersHeuristic,MaxNStrategie,FreeSpaceHeuristic,37,400,Equipe_2,2202,10
P20_D3_T1_AlphaBetaStrategie_FreeSpaceHeuristic_T2_AlphaBetaStrategie_VoronoiHeuristic_T3_AlphaBetaStrategie_TreeOfChambersHeuristic_T4_MaxNStrategie_FreeSpaceHeuristic,20,3,4,2,8,AlphaBetaStrategie,FreeSpaceHeuristic,AlphaBetaStrategie,VoronoiHeuristic,AlphaBetaStrategie,TreeOfChambersHeuristic,MaxNStrategie,FreeSpaceHeuristic,38,400,Equipe_2,2805,11
P20_D3_T1_AlphaBetaStrategie_FreeSpaceHeuristic_T2_AlphaBetaStrategie_VoronoiHeuristic_T3_AlphaBetaStrategie_TreeOfChambersHeuristic_T4_MaxNStrategie_FreeSpaceHeuristic,20,3,4,2,8,AlphaBetaStrategie,FreeSpaceHeuristic,AlphaBetaStrategie,VoronoiHeuristic,AlphaBetaStrategie,TreeOfChambersHeuristic,MaxNStrategie,FreeSpaceHeuristic,39,400,Equipe_2,2093,5
P20_D3_T1_AlphaBetaStrategie_FreeSpaceHeuristic_T2_AlphaBetaStrategie_VoronoiHeuristic_T3_AlphaBetaStrategie_TreeOfChambersHeuristic_T4_MaxNStrategie_FreeSpaceHeuristic,20,3,4,2,8,AlphaBetaStrategie,FreeSpaceHeuristic,AlphaBetaStrategie,VoronoiHeuristic,AlphaBetaStrategie,TreeOfChambersHeuristic,MaxNStrategie,FreeSpaceHeuristic,40,400,Equipe_2,2732,7
P20_D3_T1_AlphaBetaStrategie_FreeSpaceHeuristic_T2_AlphaBetaStrategie_VoronoiHeuristic_T3_AlphaBetaStrategie_TreeOfChambersHeuristic_T4_MaxNStrategie_FreeSpaceHeuristic,20,3,4,2,8,AlphaBetaStrategie,FreeSpaceHeuristic,AlphaBetaStrategie,VoronoiHeuristic,AlphaBetaStrategie,TreeOfChambersHeuristic,MaxNStrategie,FreeSpaceHeuristic,41,400,Equipe_2,1313,3
P20_D3_T1_AlphaBetaStrategie_FreeSpaceHeuristic_T2_AlphaBetaStrategie_VoronoiHeuristic_T3_AlphaBetaStrategie_TreeOfChambersHeuristic_T4_MaxNStrategie_FreeSpaceHeuristic,20,3,4,2,8,AlphaBetaStrategie,FreeSpaceHeuristic,AlphaBetaStrategie,VoronoiHeuristic,AlphaBetaStrategie,TreeOfChambersHeuristic,MaxNStrategie,FreeSpaceHeuristic,42,400,Equipe_2,735,2
P20_D3_T1_AlphaBetaStrategie_FreeSpaceHeuristic_T2_AlphaBetaStrategie_VoronoiHeuristic_T3_AlphaBetaStrategie_TreeOfChambersHeuristic_T4_MaxNStrategie_FreeSpaceHeuristic,20,3,4,2,8,AlphaBetaStrategie,FreeSpaceHeuristic,AlphaBetaStrategie,VoronoiHeuristic,AlphaBetaStrategie,TreeOfChambersHeuristic,MaxNStrategie,FreeSpaceHeuristic,43,400,Equipe_2,2318,11
P20_D3_T1_AlphaBetaStrategie_FreeSpaceHeuristic_T2_AlphaBetaStrategie_VoronoiHeuristic_T3_AlphaBetaStrategie_TreeOfChambersHeuristic_T4_MaxNStrategie_FreeSpaceHeuristic,20,3,4,2,8,AlphaBetaStrategie,FreeSpaceHeuristic,AlphaBetaStrategie,VoronoiHeuristic,AlphaBetaStrategie,TreeOfChambersHeuristic,MaxNStrategie,FreeSpaceHeuristic,44,400,Equipe_2,1778,4
P20_D3_T1_AlphaBetaStrategie_FreeSpaceHeuristic_T2_AlphaBetaStrategie_VoronoiHeuristic_T3_AlphaBetaStrategie_TreeOfChambersHeuristic_T4_MaxNStrategie_FreeSpaceHeuristic,20,3,4,2,8,AlphaBetaStrategie,FreeSpaceHeuristic,AlphaBetaStrategie,VoronoiHeuristic,AlphaBetaStrategie,TreeOfChambersHeuristic,MaxNStrategie,FreeSpaceHeuristic,45,400,Equipe_2,2804,15
P20_D3_T1_AlphaBetaStrategie_FreeSpaceHeuristic_T2_AlphaBetaStrategie_VoronoiHeuristic_T3_AlphaBetaStrategie_TreeOfChambersHeuristic_T4_MaxNStrategie_FreeSpaceHeuristic,20,3,4,2,8,AlphaBetaStrategie,FreeSpaceHeuristic,AlphaBetaStrategie,VoronoiHeuristic,AlphaBetaStrategie,TreeOfChambersHeuristic,MaxNStrategie,FreeSpaceHeuristic,46,400,Equipe_2,1756,4
P20_D3_T1_AlphaBetaStrategie_FreeSpaceHeuristic_T2_AlphaBetaStrategie_VoronoiHeuristic_T3_AlphaBetaStrategie_TreeOfChambersHeuristic_T4_MaxNStrategie_FreeSpaceHeuristic,20,3,4,2,8,AlphaBetaStrategie,FreeSpaceHeuristic,AlphaBetaStrategie,VoronoiHeuristic,AlphaBetaStrategie,TreeOfChambersHeuristic,MaxNStrategie,FreeSpaceHeuristic,47,400,Equipe_2,1693,5
P20_D3_T1_AlphaBetaStrategie_FreeSpaceHeuristic_T2_AlphaBetaStrategie_VoronoiHeuristic_T3_AlphaBetaStrategie_TreeOfChambersHeuristic_T4_MaxNStrategie_FreeSpaceHeuristic,20,3,4,2,8,AlphaBetaStrategie,FreeSpaceHeuristic,AlphaBetaStrategie,VoronoiHeuristic,AlphaBetaStrategie,TreeOfChambersHeuristic,MaxNStrategie,FreeSpaceHeuristic,48,400,Equipe_2,1499,4
P20_D3_T1_AlphaBetaStrategie_FreeSpaceHeuristic_T2_AlphaBetaStrategie_VoronoiHeuristic_T3_AlphaBetaStrategie_TreeOfChambersHeuristic_T4_MaxNStrategie_FreeSpaceHeuristic,20,3,4,2,8,AlphaBetaStrategie,FreeSpaceHeuristic,AlphaBetaStrategie,VoronoiHeuristic,AlphaBetaStrategie,TreeOfChambersHeuristic,MaxNStrategie,FreeSpaceHeuristic,49,400,Equipe_2,929,5
P20_D3_T1_AlphaBetaStrategie_FreeSpaceHeuristic_T2_AlphaBetaStrategie_VoronoiHeuristic_T3_AlphaBetaStrategie_TreeOfChambersHeuristic_T4_MaxNStrategie_FreeSpaceHeuristic,20,3,4,2,8,AlphaBetaStrategie,FreeSpaceHeuristic,AlphaBetaStrategie,VoronoiHeuristic,AlphaBetaStrategie,TreeOfChambersHeuristic,MaxNStrategie,FreeSpaceHeuristic,50,400,Equipe_2,755,4
P20_D3_T1_AlphaBetaStrategie_FreeSpaceHeuristic_T2_AlphaBetaStrategie_VoronoiHeuristic_T3_AlphaBetaStrategie_TreeOfChambersHeuristic_T4_MaxNStrategie_VoronoiHeuristic,20,3,4,2,8,AlphaBetaStrategie,FreeSpaceHeuristic,AlphaBetaStrategie,VoronoiHeuristic,AlphaBetaStrategie,TreeOfChambersHeuristic,MaxNStrategie,VoronoiHeuristic,1,400,Equipe_2,4682,13
P20_D3_T1_AlphaBetaStrategie_FreeSpaceHeuristic_T2_AlphaBetaStrategie_VoronoiHeuristic_T3_AlphaBetaStrategie_TreeOfChambersHeuristic_T4_MaxNStrategie_VoronoiHeuristic,20,3,4,2,8,AlphaBetaStrategie,FreeSpaceHeuristic,AlphaBetaStrategie,VoronoiHeuristic,AlphaBetaStrategie,TreeOfChambersHeuristic,MaxNStrategie,VoronoiHeuristic,2,400,Equipe_4,2796,9
P20_D3_T1_AlphaBetaStrategie_FreeSpaceHeuristic_T2_AlphaBetaStrategie_VoronoiHeuristic_T3_AlphaBetaStrategie_TreeOfChambersHeuristic_T4_MaxNStrategie_VoronoiHeuristic,20,3,4,2,8,AlphaBetaStrategie,FreeSpaceHeuristic,AlphaBetaStrategie,VoronoiHeuristic,AlphaBetaStrategie,TreeOfChambersHeuristic,MaxNStrategie,VoronoiHeuristic,3,400,Match Nul,3693,8
P20_D3_T1_AlphaBetaStrategie_FreeSpaceHeuristic_T2_AlphaBetaStrategie_VoronoiHeuristic_T3_AlphaBetaStrategie_TreeOfChambersHeuristic_T4_MaxNStrategie_VoronoiHeuristic,20,3,4,2,8,AlphaBetaStrategie,FreeSpaceHeuristic,AlphaBetaStrategie,VoronoiHeuristic,AlphaBetaStrategie,TreeOfChambersHeuristic,MaxNStrategie,VoronoiHeuristic,4,400,Equipe_2,3147,8
P20_D3_T1_AlphaBetaStrategie_FreeSpaceHeuristic_T2_AlphaBetaStrategie_VoronoiHeuristic_T3_AlphaBetaStrategie_TreeOfChambersHeuristic_T4_MaxNStrategie_VoronoiHeuristic,20,3,4,2,8,AlphaBetaStrategie,FreeSpaceHeuristic,AlphaBetaStrategie,VoronoiHeuristic,AlphaBetaStrategie,TreeOfChambersHeuristic,MaxNStrategie,VoronoiHeuristic,5,400,Equipe_4,8047,13
P20_D3_T1_AlphaBetaStrategie_FreeSpaceHeuristic_T2_AlphaBetaStrategie_VoronoiHeuristic_T3_AlphaBetaStrategie_TreeOfChambersHeuristic_T4_MaxNStrategie_VoronoiHeuristic,20,3,4,2,8,AlphaBetaStrategie,FreeSpaceHeuristic,AlphaBetaStrategie,VoronoiHeuristic,AlphaBetaStrategie,TreeOfChambersHeuristic,MaxNStrategie,VoronoiHeuristic,6,400,Equipe_4,2767,12
P20_D3_T1_AlphaBetaStrategie_FreeSpaceHeuristic_T2_AlphaBetaStrategie_VoronoiHeuristic_T3_AlphaBetaStrategie_TreeOfChambersHeuristic_T4_MaxNStrategie_VoronoiHeuristic,20,3,4,2,8,AlphaBetaStrategie,FreeSpaceHeuristic,AlphaBetaStrategie,VoronoiHeuristic,AlphaBetaStrategie,TreeOfChambersHeuristic,MaxNStrategie,VoronoiHeuristic,7,400,Equipe_2,3917,5
P20_D3_T1_AlphaBetaStrategie_FreeSpaceHeuristic_T2_AlphaBetaStrategie_VoronoiHeuristic_T3_AlphaBetaStrategie_TreeOfChambersHeuristic_T4_MaxNStrategie_VoronoiHeuristic,20,3,4,2,8,AlphaBetaStrategie,FreeSpaceHeuristic,AlphaBetaStrategie,VoronoiHeuristic,AlphaBetaStrategie,TreeOfChambersHeuristic,MaxNStrategie,VoronoiHeuristic,8,400,Equipe_2,4867,9
P20_D3_T1_AlphaBetaStrategie_FreeSpaceHeuristic_T2_AlphaBetaStrategie_VoronoiHeuristic_T3_AlphaBetaStrategie_TreeOfChambersHeuristic_T4_MaxNStrategie_VoronoiHeuristic,20,3,4,2,8,AlphaBetaStrategie,FreeSpaceHeuristic,AlphaBetaStrategie,VoronoiHeuristic,AlphaBetaStrategie,TreeOfChambersHeuristic,MaxNStrategie,VoronoiHeuristic,9,400,Equipe_4,1443,11
P20_D3_T1_AlphaBetaStrategie_FreeSpaceHeuristic_T2_AlphaBetaStrategie_VoronoiHeuristic_T3_AlphaBetaStrategie_TreeOfChambersHeuristic_T4_MaxNStrategie_VoronoiHeuristic,20,3,4,2,8,AlphaBetaStrategie,FreeSpaceHeuristic,AlphaBetaStrategie,VoronoiHeuristic,AlphaBetaStrategie,TreeOfChambersHeuristic,MaxNStrategie,VoronoiHeuristic,10,400,Equipe_2,2454,5
P20_D3_T1_AlphaBetaStrategie_FreeSpaceHeuristic_T2_AlphaBetaStrategie_VoronoiHeuristic_T3_AlphaBetaStrategie_TreeOfChambersHeuristic_T4_MaxNStrategie_VoronoiHeuristic,20,3,4,2,8,AlphaBetaStrategie,FreeSpaceHeuristic,AlphaBetaStrategie,VoronoiHeuristic,AlphaBetaStrategie,TreeOfChambersHeuristic,MaxNStrategie,VoronoiHeuristic,11,400,Equipe_2,1496,8
P20_D3_T1_AlphaBetaStrategie_FreeSpaceHeuristic_T2_AlphaBetaStrategie_VoronoiHeuristic_T3_AlphaBetaStrategie_TreeOfChambersHeuristic_T4_MaxNStrategie_VoronoiHeuristic,20,3,4,2,8,AlphaBetaStrategie,FreeSpaceHeuristic,AlphaBetaStrategie,VoronoiHeuristic,AlphaBetaStrategie,TreeOfChambersHeuristic,MaxNStrategie,VoronoiHeuristic,12,400,Equipe_2,3179,9
P20_D3_T1_AlphaBetaStrategie_FreeSpaceHeuristic_T2_AlphaBetaStrategie_VoronoiHeuristic_T3_AlphaBetaStrategie_TreeOfChambersHeuristic_T4_MaxNStrategie_VoronoiHeuristic,20,3,4,2,8,AlphaBetaStrategie,FreeSpaceHeuristic,AlphaBetaStrategie,VoronoiHeuristic,AlphaBetaStrategie,TreeOfChambersHeuristic,MaxNStrategie,VoronoiHeuristic,13,400,Equipe_2,3544,13
P20_D3_T1_AlphaBetaStrategie_FreeSpaceHeuristic_T2_AlphaBetaStrategie_VoronoiHeuristic_T3_AlphaBetaStrategie_TreeOfChambersHeuristic_T4_MaxNStrategie_VoronoiHeuristic,20,3,4,2,8,AlphaBetaStrategie,FreeSpaceHeuristic,AlphaBetaStrategie,VoronoiHeuristic,AlphaBetaStrategie,TreeOfChambersHeuristic,MaxNStrategie,VoronoiHeuristic,14,400,Equipe_4,1764,5
P20_D3_T1_AlphaBetaStrategie_FreeSpaceHeuristic_T2_AlphaBetaStrategie_VoronoiHeuristic_T3_AlphaBetaStrategie_TreeOfChambersHeuristic_T4_MaxNStrategie_VoronoiHeuristic,20,3,4,2,8,AlphaBetaStrategie,FreeSpaceHeuristic,AlphaBetaStrategie,VoronoiHeuristic,AlphaBetaStrategie,TreeOfChambersHeuristic,MaxNStrategie,VoronoiHeuristic,15,400,Equipe_2,2402,7
P20_D3_T1_AlphaBetaStrategie_FreeSpaceHeuristic_T2_AlphaBetaStrategie_VoronoiHeuristic_T3_AlphaBetaStrategie_TreeOfChambersHeuristic_T4_MaxNStrategie_VoronoiHeuristic,20,3,4,2,8,AlphaBetaStrategie,FreeSpaceHeuristic,AlphaBetaStrategie,VoronoiHeuristic,AlphaBetaStrategie,TreeOfChambersHeuristic,MaxNStrategie,VoronoiHeuristic,16,400,Equipe_3,2692,8
P20_D3_T1_AlphaBetaStrategie_FreeSpaceHeuristic_T2_AlphaBetaStrategie_VoronoiHeuristic_T3_AlphaBetaStrategie_TreeOfChambersHeuristic_T4_MaxNStrategie_VoronoiHeuristic,20,3,4,2,8,AlphaBetaStrategie,FreeSpaceHeuristic,AlphaBetaStrategie,VoronoiHeuristic,AlphaBetaStrategie,TreeOfChambersHeuristic,MaxNStrategie,VoronoiHeuristic,17,400,Equipe_2,3410,10
P20_D3_T1_AlphaBetaStrategie_FreeSpaceHeuristic_T2_AlphaBetaStrategie_VoronoiHeuristic_T3_AlphaBetaStrategie_TreeOfChambersHeuristic_T4_MaxNStrategie_VoronoiHeuristic,20,3,4,2,8,AlphaBetaStrategie,FreeSpaceHeuristic,AlphaBetaStrategie,VoronoiHeuristic,AlphaBetaStrategie,TreeOfChambersHeuristic,MaxNStrategie,VoronoiHeuristic,18,400,Match Nul,1422,9
P20_D3_T1_AlphaBetaStrategie_FreeSpaceHeuristic_T2_AlphaBetaStrategie_VoronoiHeuristic_T3_AlphaBetaStrategie_TreeOfChambersHeuristic_T4_MaxNStrategie_VoronoiHeuristic,20,3,4,2,8,AlphaBetaStrategie,FreeSpaceHeuristic,AlphaBetaStrategie,VoronoiHeuristic,AlphaBetaStrategie,TreeOfChambersHeuristic,MaxNStrategie,VoronoiHeuristic,19,400,Equipe_3,2428,10
P20_D3_T1_AlphaBetaStrategie_FreeSpaceHeuristic_T2_AlphaBetaStrategie_VoronoiHeuristic_T3_AlphaBetaStrategie_TreeOfChambersHeuristic_T4_MaxNStrategie_VoronoiHeuristic,20,3,4,2,8,AlphaBetaStrategie,FreeSpaceHeuristic,AlphaBetaStrategie,VoronoiHeuristic,AlphaBetaStrategie,TreeOfChambersHeuristic,MaxNStrategie,VoronoiHeuristic,20,400,Equipe_2,4039,9
P20_D3_T1_AlphaBetaStrategie_FreeSpaceHeuristic_T2_AlphaBetaStrategie_VoronoiHeuristic_T3_AlphaBetaStrategie_TreeOfChambersHeuristic_T4_MaxNStrategie_VoronoiHeuristic,20,3,4,2,8,AlphaBetaStrategie,FreeSpaceHeuristic,AlphaBetaStrategie,VoronoiHeuristic,AlphaBetaStrategie,TreeOfChambersHeuristic,MaxNStrategie,VoronoiHeuristic,21,400,Equipe_4,1458,10
P20_D3_T1_AlphaBetaStrategie_FreeSpaceHeuristic_T2_AlphaBetaStrategie_VoronoiHeuristic_T3_AlphaBetaStrategie_TreeOfChambersHeuristic_T4_MaxNStrategie_VoronoiHeuristic,20,3,4,2,8,AlphaBetaStrategie,FreeSpaceHeuristic,AlphaBetaStrategie,VoronoiHeuristic,AlphaBetaStrategie,TreeOfChambersHeuristic,MaxNStrategie,VoronoiHeuristic,22,400,Equipe_2,3862,7
P20_D3_T1_AlphaBetaStrategie_FreeSpaceHeuristic_T2_AlphaBetaStrategie_VoronoiHeuristic_T3_AlphaBetaStrategie_TreeOfChambersHeuristic_T4_MaxNStrategie_VoronoiHeuristic,20,3,4,2,8,AlphaBetaStrategie,FreeSpaceHeuristic,AlphaBetaStrategie,VoronoiHeuristic,AlphaBetaStrategie,TreeOfChambersHeuristic,MaxNStrategie,VoronoiHeuristic,23,400,Equipe_2,3100,7
P20_D3_T1_AlphaBetaStrategie_FreeSpaceHeuristic_T2_AlphaBetaStrategie_VoronoiHeuristic_T3_AlphaBetaStrategie_TreeOfChambersHeuristic_T4_MaxNStrategie_VoronoiHeuristic,20,3,4,2,8,AlphaBetaStrategie,FreeSpaceHeuristic,AlphaBetaStrategie,VoronoiHeuristic,AlphaBetaStrategie,TreeOfChambersHeuristic,MaxNStrategie,VoronoiHeuristic,24,400,Equipe_2,2449,6
P20_D3_T1_AlphaBetaStrategie_FreeSpaceHeuristic_T2_AlphaBetaStrategie_VoronoiHeuristic_T3_AlphaBetaStrategie_TreeOfChambersHeuristic_T4_MaxNStrategie_VoronoiHeuristic,20,3,4,2,8,AlphaBetaStrategie,FreeSpaceHeuristic,AlphaBetaStrategie,VoronoiHeuristic,AlphaBetaStrategie,TreeOfChambersHeuristic,MaxNStrategie,VoronoiHeuristic,25,400,Equipe_2,4762,10
P20_D3_T1_AlphaBetaStrategie_FreeSpaceHeuristic_T2_AlphaBetaStrategie_VoronoiHeuristic_T3_AlphaBetaStrategie_TreeOfChambersHeuristic_T4_MaxNStrategie_VoronoiHeuristic,20,3,4,2,8,AlphaBetaStrategie,FreeSpaceHeuristic,AlphaBetaStrategie,VoronoiHeuristic,AlphaBetaStrategie,TreeOfChambersHeuristic,MaxNStrategie,VoronoiHeuristic,26,400,Equipe_2,2913,11
P20_D3_T1_AlphaBetaStrategie_FreeSpaceHeuristic_T2_AlphaBetaStrategie_VoronoiHeuristic_T3_AlphaBetaStrategie_TreeOfChambersHeuristic_T4_MaxNStrategie_VoronoiHeuristic,20,3,4,2,8,AlphaBetaStrategie,FreeSpaceHeuristic,AlphaBetaStrategie,VoronoiHeuristic,AlphaBetaStrategie,TreeOfChambersHeuristic,MaxNStrategie,VoronoiHeuristic,27,400,Equipe_2,2383,9
P20_D3_T1_AlphaBetaStrategie_FreeSpaceHeuristic_T2_AlphaBetaStrategie_VoronoiHeuristic_T3_AlphaBetaStrategie_TreeOfChambersHeuristic_T4_MaxNStrategie_VoronoiHeuristic,20,3,4,2,8,AlphaBetaStrategie,FreeSpaceHeuristic,AlphaBetaStrategie,VoronoiHeuristic,AlphaBetaStrategie,TreeOfChambersHeuristic,MaxNStrategie,VoronoiHeuristic,28,400,Equipe_2,2477,11
P20_D3_T1_AlphaBetaStrategie_FreeSpaceHeuristic_T2_AlphaBetaStrategie_VoronoiHeuristic_T3_AlphaBetaStrategie_TreeOfChambersHeuristic_T4_MaxNStrategie_VoronoiHeuristic,20,3,4,2,8,AlphaBetaStrategie,FreeSpaceHeuristic,AlphaBetaStrategie,VoronoiHeuristic,AlphaBetaStrategie,TreeOfChambersHeuristic,MaxNStrategie,VoronoiHeuristic,29,400,Equipe_2,1983,13
P20_D3_T1_AlphaBetaStrategie_FreeSpaceHeuristic_T2_AlphaBetaStrategie_VoronoiHeuristic_T3_AlphaBetaStrategie_TreeOfChambersHeuristic_T4_MaxNStrategie_VoronoiHeuristic,20,3,4,2,8,AlphaBetaStrategie,FreeSpaceHeuristic,AlphaBetaStrategie,VoronoiHeuristic,AlphaBetaStrategie,TreeOfChambersHeuristic,MaxNStrategie,VoronoiHeuristic,30,400,Equipe_2,1154,12
P20_D3_T1_AlphaBetaStrategie_FreeSpaceHeuristic_T2_AlphaBetaStrategie_VoronoiHeuristic_T3_AlphaBetaStrategie_TreeOfChambersHeuristic_T4_MaxNStrategie_VoronoiHeuristic,20,3,4,2,8,AlphaBetaStrategie,FreeSpaceHeuristic,AlphaBetaStrategie,VoronoiHeuristic,AlphaBetaStrategie,TreeOfChambersHeuristic,MaxNStrategie,VoronoiHeuristic,31,400,Equipe_4,2992,6
P20_D3_T1_AlphaBetaStrategie_FreeSpaceHeuristic_T2_AlphaBetaStrategie_VoronoiHeuristic_T3_AlphaBetaStrategie_TreeOfChambersHeuristic_T4_MaxNStrategie_VoronoiHeuristic,20,3,4,2,8,AlphaBetaStrategie,FreeSpaceHeuristic,AlphaBetaStrategie,VoronoiHeuristic,AlphaBetaStrategie,TreeOfChambersHeuristic,MaxNStrategie,VoronoiHeuristic,32,400,Match Nul,1632,7
P20_D3_T1_AlphaBetaStrategie_FreeSpaceHeuristic_T2_AlphaBetaStrategie_VoronoiHeuristic_T3_AlphaBetaStrategie_TreeOfChambersHeuristic_T4_MaxNStrategie_VoronoiHeuristic,20,3,4,2,8,AlphaBetaStrategie,FreeSpaceHeuristic,AlphaBetaStrategie,VoronoiHeuristic,AlphaBetaStrategie,TreeOfChambersHeuristic,MaxNStrategie,VoronoiHeuristic,33,400,Equipe_2,2036,8
P20_D3_T1_AlphaBetaStrategie_FreeSpaceHeuristic_T2_AlphaBetaStrategie_VoronoiHeuristic_T3_AlphaBetaStrategie_TreeOfChambersHeuristic_T4_MaxNStrategie_VoronoiHeuristic,20,3,4,2,8,AlphaBetaStrategie,FreeSpaceHeuristic,AlphaBetaStrategie,VoronoiHeuristic,AlphaBetaStrategie,TreeOfChambersHeuristic,MaxNStrategie,VoronoiHeuristic,34,400,Equipe_2,2147,11
P20_D3_T1_AlphaBetaStrategie_FreeSpaceHeuristic_T2_AlphaBetaStrategie_VoronoiHeuristic_T3_AlphaBetaStrategie_TreeOfChambersHeuristic_T4_MaxNStrategie_VoronoiHeuristic,20,3,4,2,8,AlphaBetaStrategie,FreeSpaceHeuristic,AlphaBetaStrategie,VoronoiHeuristic,AlphaBetaStrategie,TreeOfChambersHeuristic,MaxNStrategie,VoronoiHeuristic,35,400,Equipe_2,1635,5
P20_D3_T1_AlphaBetaStrategie_FreeSpaceHeuristic_T2_AlphaBetaStrategie_VoronoiHeuristic_T3_AlphaBetaStrategie_TreeOfChambersHeuristic_T4_MaxNStrategie_VoronoiHeuristic,20,3,4,2,8,AlphaBetaStrategie,FreeSpaceHeuristic,AlphaBetaStrategie,VoronoiHeuristic,AlphaBetaStrategie,TreeOfChambersHeuristic,MaxNStrategie,VoronoiHeuristic,36,400,Equipe_2,2229,10
P20_D3_T1_AlphaBetaStrategie_FreeSpaceHeuristic_T2_AlphaBetaStrategie_VoronoiHeuristic_T3_AlphaBetaStrategie_TreeOfChambersHeuristic_T4_MaxNStrategie_VoronoiHeuristic,20,3,4,2,8,AlphaBetaStrategie,FreeSpaceHeuristic,AlphaBetaStrategie,VoronoiHeuristic,AlphaBetaStrategie,TreeOfChambersHeuristic,MaxNStrategie,VoronoiHeuristic,37,400,Match Nul,1750,13
P20_D3_T1_AlphaBetaStrategie_FreeSpaceHeuristic_T2_AlphaBetaStrategie_VoronoiHeuristic_T3_AlphaBetaStrategie_TreeOfChambersHeuristic_T4_MaxNStrategie_VoronoiHeuristic,20,3,4,2,8,AlphaBetaStrategie,FreeSpaceHeuristic,AlphaBetaStrategie,VoronoiHeuristic,AlphaBetaStrategie,TreeOfChambersHeuristic,MaxNStrategie,VoronoiHeuristic,38,400,Equipe_4,1666,12
P20_D3_T1_AlphaBetaStrategie_FreeSpaceHeuristic_T2_AlphaBetaStrategie_VoronoiHeuristic_T3_AlphaBetaStrategie_TreeOfChambersHeuristic_T4_MaxNStrategie_VoronoiHeuristic,20,3,4,2,8,AlphaBetaStrategie,FreeSpaceHeuristic,AlphaBetaStrategie,VoronoiHeuristic,AlphaBetaStrategie,TreeOfChambersHeuristic,MaxNStrategie,VoronoiHeuristic,39,400,Equipe_2,2306,9
P20_D3_T1_AlphaBetaStrategie_FreeSpaceHeuristic_T2_AlphaBetaStrategie_VoronoiHeuristic_T3_AlphaBetaStrategie_TreeOfChambersHeuristic_T4_MaxNStrategie_VoronoiHeuristic,20,3,4,2,8,AlphaBetaStrategie,FreeSpaceHeuristic,AlphaBetaStrategie,VoronoiHeuristic,AlphaBetaStrategie,TreeOfChambersHeuristic,MaxNStrategie,VoronoiHeuristic,40,400,Equipe_2,1589,7
P20_D3_T1_AlphaBetaStrategie_FreeSpaceHeuristic_T2_AlphaBetaStrategie_VoronoiHeuristic_T3_AlphaBetaStrategie_TreeOfChambersHeuristic_T4_MaxNStrategie_VoronoiHeuristic,20,3,4,2,8,AlphaBetaStrategie,FreeSpaceHeuristic,AlphaBetaStrategie,VoronoiHeuristic,AlphaBetaStrategie,TreeOfChambersHeuristic,MaxNStrategie,VoronoiHeuristic,41,400,Equipe_2,1977,5
P20_D3_T1_AlphaBetaStrategie_FreeSpaceHeuristic_T2_AlphaBetaStrategie_VoronoiHeuristic_T3_AlphaBetaStrategie_TreeOfChambersHeuristic_T4_MaxNStrategie_VoronoiHeuristic,20,3,4,2,8,AlphaBetaStrategie,FreeSpaceHeuristic,AlphaBetaStrategie,VoronoiHeuristic,AlphaBetaStrategie,TreeOfChambersHeuristic,MaxNStrategie,VoronoiHeuristic,42,400,Equipe_2,3087,8
P20_D3_T1_AlphaBetaStrategie_FreeSpaceHeuristic_T2_AlphaBetaStrategie_VoronoiHeuristic_T3_AlphaBetaStrategie_TreeOfChambersHeuristic_T4_MaxNStrategie_VoronoiHeuristic,20,3,4,2,8,AlphaBetaStrategie,FreeSpaceHeuristic,AlphaBetaStrategie,VoronoiHeuristic,AlphaBetaStrategie,TreeOfChambersHeuristic,MaxNStrategie,VoronoiHeuristic,43,400,Equipe_4,2978,8
P20_D3_T1_AlphaBetaStrategie_FreeSpaceHeuristic_T2_AlphaBetaStrategie_VoronoiHeuristic_T3_AlphaBetaStrategie_TreeOfChambersHeuristic_T4_MaxNStrategie_VoronoiHeuristic,20,3,4,2,8,AlphaBetaStrategie,FreeSpaceHeuristic,AlphaBetaStrategie,VoronoiHeuristic,AlphaBetaStrategie,TreeOfChambersHeuristic,MaxNStrategie,VoronoiHeuristic,44,400,Equipe_2,1512,7
P20_D3_T1_AlphaBetaStrategie_FreeSpaceHeuristic_T2_AlphaBetaStrategie_VoronoiHeuristic_T3_AlphaBetaStrategie_TreeOfChambersHeuristic_T4_MaxNStrategie_VoronoiHeuristic,20,3,4,2,8,AlphaBetaStrategie,FreeSpaceHeuristic,AlphaBetaStrategie,VoronoiHeuristic,AlphaBetaStrategie,TreeOfChambersHeuristic,MaxNStrategie,VoronoiHeuristic,45,400,Equipe_4,2268,5
P20_D3_T1_AlphaBetaStrategie_FreeSpaceHeuristic_T2_AlphaBetaStrategie_VoronoiHeuristic_T3_AlphaBetaStrategie_TreeOfChambersHeuristic_T4_MaxNStrategie_VoronoiHeuristic,20,3,4,2,8,AlphaBetaStrategie,FreeSpaceHeuristic,AlphaBetaStrategie,VoronoiHeuristic,AlphaBetaStrategie,TreeOfChambersHeuristic,MaxNStrategie,VoronoiHeuristic,46,400,Equipe_4,3115,16
P20_D3_T1_AlphaBetaStrategie_FreeSpaceHeuristic_T2_AlphaBetaStrategie_VoronoiHeuristic_T3_AlphaBetaStrategie_TreeOfChambersHeuristic_T4_MaxNStrategie_VoronoiHeuristic,20,3,4,2,8,AlphaBetaStrategie,FreeSpaceHeuristic,AlphaBetaStrategie,VoronoiHeuristic,AlphaBetaStrategie,TreeOfChambersHeuristic,MaxNStrategie,VoronoiHeuristic,47,400,Equipe_2,1851,11
P20_D3_T1_AlphaBetaStrategie_FreeSpaceHeuristic_T2_AlphaBetaStrategie_VoronoiHeuristic_T3_AlphaBetaStrategie_TreeOfChambersHeuristic_T4_MaxNStrategie_VoronoiHeuristic,20,3,4,2,8,AlphaBetaStrategie,FreeSpaceHeuristic,AlphaBetaStrategie,VoronoiHeuristic,AlphaBetaStrategie,TreeOfChambersHeuristic,MaxNStrategie,VoronoiHeuristic,48,400,Equipe_4,1566,9
P20_D3_T1_AlphaBetaStrategie_FreeSpaceHeuristic_T2_AlphaBetaStrategie_VoronoiHeuristic_T3_AlphaBetaStrategie_TreeOfChambersHeuristic_T4_MaxNStrategie_VoronoiHeuristic,20,3,4,2,8,AlphaBetaStrategie,FreeSpaceHeuristic,AlphaBetaStrategie,VoronoiHeuristic,AlphaBetaStrategie,TreeOfChambersHeuristic,MaxNStrategie,VoronoiHeuristic,49,400,Equipe_2,1960,12
P20_D3_T1_AlphaBetaStrategie_FreeSpaceHeuristic_T2_AlphaBetaStrategie_VoronoiHeuristic_T3_AlphaBetaStrategie_TreeOfChambersHeuristic_T4_MaxNStrategie_VoronoiHeuristic,20,3,4,2,8,AlphaBetaStrategie,FreeSpaceHeuristic,AlphaBetaStrategie,VoronoiHeuristic,AlphaBetaStrategie,TreeOfChambersHeuristic,MaxNStrategie,VoronoiHeuristic,50,400,Equipe_4,2166,12
P20_D3_T1_AlphaBetaStrategie_FreeSpaceHeuristic_T2_AlphaBetaStrategie_VoronoiHeuristic_T3_AlphaBetaStrategie_TreeOfChambersHeuristic_T4_MaxNStrategie_TreeOfChambersHeuristic,20,3,4,2,8,AlphaBetaStrategie,FreeSpaceHeuristic,AlphaBetaStrategie,VoronoiHeuristic,AlphaBetaStrategie,TreeOfChambersHeuristic,MaxNStrategie,TreeOfChambersHeuristic,1,400,Equipe_2,21704,10
P20_D3_T1_AlphaBetaStrategie_FreeSpaceHeuristic_T2_AlphaBetaStrategie_VoronoiHeuristic_T3_AlphaBetaStrategie_TreeOfChambersHeuristic_T4_MaxNStrategie_TreeOfChambersHeuristic,20,3,4,2,8,AlphaBetaStrategie,FreeSpaceHeuristic,AlphaBetaStrategie,VoronoiHeuristic,AlphaBetaStrategie,TreeOfChambersHeuristic,MaxNStrategie,TreeOfChambersHeuristic,2,400,Equipe_3,15429,5
P20_D3_T1_AlphaBetaStrategie_FreeSpaceHeuristic_T2_AlphaBetaStrategie_VoronoiHeuristic_T3_AlphaBetaStrategie_TreeOfChambersHeuristic_T4_MaxNStrategie_TreeOfChambersHeuristic,20,3,4,2,8,AlphaBetaStrategie,FreeSpaceHeuristic,AlphaBetaStrategie,VoronoiHeuristic,AlphaBetaStrategie,TreeOfChambersHeuristic,MaxNStrategie,TreeOfChambersHeuristic,3,400,Equipe_2,16182,7
P20_D3_T1_AlphaBetaStrategie_FreeSpaceHeuristic_T2_AlphaBetaStrategie_VoronoiHeuristic_T3_AlphaBetaStrategie_TreeOfChambersHeuristic_T4_MaxNStrategie_TreeOfChambersHeuristic,20,3,4,2,8,AlphaBetaStrategie,FreeSpaceHeuristic,AlphaBetaStrategie,VoronoiHeuristic,AlphaBetaStrategie,TreeOfChambersHeuristic,MaxNStrategie,TreeOfChambersHeuristic,4,400,Equipe_2,11697,6
P20_D3_T1_AlphaBetaStrategie_FreeSpaceHeuristic_T2_AlphaBetaStrategie_VoronoiHeuristic_T3_AlphaBetaStrategie_TreeOfChambersHeuristic_T4_MaxNStrategie_TreeOfChambersHeuristic,20,3,4,2,8,AlphaBetaStrategie,FreeSpaceHeuristic,AlphaBetaStrategie,VoronoiHeuristic,AlphaBetaStrategie,TreeOfChambersHeuristic,MaxNStrategie,TreeOfChambersHeuristic,5,400,Match Nul,20062,10
P20_D3_T1_AlphaBetaStrategie_FreeSpaceHeuristic_T2_AlphaBetaStrategie_VoronoiHeuristic_T3_AlphaBetaStrategie_TreeOfChambersHeuristic_T4_MaxNStrategie_TreeOfChambersHeuristic,20,3,4,2,8,AlphaBetaStrategie,FreeSpaceHeuristic,AlphaBetaStrategie,VoronoiHeuristic,AlphaBetaStrategie,TreeOfChambersHeuristic,MaxNStrategie,TreeOfChambersHeuristic,6,400,Equipe_2,22180,15
P20_D3_T1_AlphaBetaStrategie_FreeSpaceHeuristic_T2_AlphaBetaStrategie_VoronoiHeuristic_T3_AlphaBetaStrategie_TreeOfChambersHeuristic_T4_MaxNStrategie_TreeOfChambersHeuristic,20,3,4,2,8,AlphaBetaStrategie,FreeSpaceHeuristic,AlphaBetaStrategie,VoronoiHeuristic,AlphaBetaStrategie,TreeOfChambersHeuristic,MaxNStrategie,TreeOfChambersHeuristic,7,400,Equipe_2,19234,9
P20_D3_T1_AlphaBetaStrategie_FreeSpaceHeuristic_T2_AlphaBetaStrategie_VoronoiHeuristic_T3_AlphaBetaStrategie_TreeOfChambersHeuristic_T4_MaxNStrategie_TreeOfChambersHeuristic,20,3,4,2,8,AlphaBetaStrategie,FreeSpaceHeuristic,AlphaBetaStrategie,VoronoiHeuristic,AlphaBetaStrategie,TreeOfChambersHeuristic,MaxNStrategie,TreeOfChambersHeuristic,8,400,Equipe_2,16502,11
P20_D3_T1_AlphaBetaStrategie_FreeSpaceHeuristic_T2_AlphaBetaStrategie_VoronoiHeuristic_T3_AlphaBetaStrategie_TreeOfChambersHeuristic_T4_MaxNStrategie_TreeOfChambersHeuristic,20,3,4,2,8,AlphaBetaStrategie,FreeSpaceHeuristic,AlphaBetaStrategie,VoronoiHeuristic,AlphaBetaStrategie,TreeOfChambersHeuristic,MaxNStrategie,TreeOfChambersHeuristic,9,400,Equipe_2,18850,6
P20_D3_T1_AlphaBetaStrategie_FreeSpaceHeuristic_T2_AlphaBetaStrategie_VoronoiHeuristic_T3_AlphaBetaStrategie_TreeOfChambersHeuristic_T4_MaxNStrategie_TreeOfChambersHeuristic,20,3,4,2,8,AlphaBetaStrategie,FreeSpaceHeuristic,AlphaBetaStrategie,VoronoiHeuristic,AlphaBetaStrategie,TreeOfChambersHeuristic,MaxNStrategie,TreeOfChambersHeuristic,10,400,Equipe_2,11904,4
P20_D3_T1_AlphaBetaStrategie_FreeSpaceHeuristic_T2_AlphaBetaStrategie_VoronoiHeuristic_T3_AlphaBetaStrategie_TreeOfChambersHeuristic_T4_MaxNStrategie_TreeOfChambersHeuristic,20,3,4,2,8,AlphaBetaStrategie,FreeSpaceHeuristic,AlphaBetaStrategie,VoronoiHeuristic,AlphaBetaStrategie,TreeOfChambersHeuristic,MaxNStrategie,TreeOfChambersHeuristic,11,400,Equipe_2,11325,4
P20_D3_T1_AlphaBetaStrategie_FreeSpaceHeuristic_T2_AlphaBetaStrategie_VoronoiHeuristic_T3_AlphaBetaStrategie_TreeOfChambersHeuristic_T4_MaxNStrategie_TreeOfChambersHeuristic,20,3,4,2,8,AlphaBetaStrategie,FreeSpaceHeuristic,AlphaBetaStrategie,VoronoiHeuristic,AlphaBetaStrategie,TreeOfChambersHeuristic,MaxNStrategie,TreeOfChambersHeuristic,12,400,Equipe_2,19947,8
P20_D3_T1_AlphaBetaStrategie_FreeSpaceHeuristic_T2_AlphaBetaStrategie_VoronoiHeuristic_T3_AlphaBetaStrategie_TreeOfChambersHeuristic_T4_MaxNStrategie_TreeOfChambersHeuristic,20,3,4,2,8,AlphaBetaStrategie,FreeSpaceHeuristic,AlphaBetaStrategie,VoronoiHeuristic,AlphaBetaStrategie,TreeOfChambersHeuristic,MaxNStrategie,TreeOfChambersHeuristic,13,400,Equipe_2,10907,3
P20_D3_T1_AlphaBetaStrategie_FreeSpaceHeuristic_T2_AlphaBetaStrategie_VoronoiHeuristic_T3_AlphaBetaStrategie_TreeOfChambersHeuristic_T4_MaxNStrategie_TreeOfChambersHeuristic,20,3,4,2,8,AlphaBetaStrategie,FreeSpaceHeuristic,AlphaBetaStrategie,VoronoiHeuristic,AlphaBetaStrategie,TreeOfChambersHeuristic,MaxNStrategie,TreeOfChambersHeuristic,14,400,Equipe_3,15178,5
P20_D3_T1_AlphaBetaStrategie_FreeSpaceHeuristic_T2_AlphaBetaStrategie_VoronoiHeuristic_T3_AlphaBetaStrategie_TreeOfChambersHeuristic_T4_MaxNStrategie_TreeOfChambersHeuristic,20,3,4,2,8,AlphaBetaStrategie,FreeSpaceHeuristic,AlphaBetaStrategie,VoronoiHeuristic,AlphaBetaStrategie,TreeOfChambersHeuristic,MaxNStrategie,TreeOfChambersHeuristic,15,400,Equipe_3,26044,8
P20_D3_T1_AlphaBetaStrategie_FreeSpaceHeuristic_T2_AlphaBetaStrategie_VoronoiHeuristic_T3_AlphaBetaStrategie_TreeOfChambersHeuristic_T4_MaxNStrategie_TreeOfChambersHeuristic,20,3,4,2,8,AlphaBetaStrategie,FreeSpaceHeuristic,AlphaBetaStrategie,VoronoiHeuristic,AlphaBetaStrategie,TreeOfChambersHeuristic,MaxNStrategie,TreeOfChambersHeuristic,16,400,Equipe_2,36381,12
P20_D3_T1_AlphaBetaStrategie_FreeSpaceHeuristic_T2_AlphaBetaStrategie_VoronoiHeuristic_T3_AlphaBetaStrategie_TreeOfChambersHeuristic_T4_MaxNStrategie_TreeOfChambersHeuristic,20,3,4,2,8,AlphaBetaStrategie,FreeSpaceHeuristic,AlphaBetaStrategie,VoronoiHeuristic,AlphaBetaStrategie,TreeOfChambersHeuristic,MaxNStrategie,TreeOfChambersHeuristic,17,400,Equipe_2,11877,5
P20_D3_T1_AlphaBetaStrategie_FreeSpaceHeuristic_T2_AlphaBetaStrategie_VoronoiHeuristic_T3_AlphaBetaStrategie_TreeOfChambersHeuristic_T4_MaxNStrategie_TreeOfChambersHeuristic,20,3,4,2,8,AlphaBetaStrategie,FreeSpaceHeuristic,AlphaBetaStrategie,VoronoiHeuristic,AlphaBetaStrategie,TreeOfChambersHeuristic,MaxNStrategie,TreeOfChambersHeuristic,18,400,Equipe_2,13574,6
P20_D3_T1_AlphaBetaStrategie_FreeSpaceHeuristic_T2_AlphaBetaStrategie_VoronoiHeuristic_T3_AlphaBetaStrategie_TreeOfChambersHeuristic_T4_MaxNStrategie_TreeOfChambersHeuristic,20,3,4,2,8,AlphaBetaStrategie,FreeSpaceHeuristic,AlphaBetaStrategie,VoronoiHeuristic,AlphaBetaStrategie,TreeOfChambersHeuristic,MaxNStrategie,TreeOfChambersHeuristic,19,400,Equipe_2,25153,9
P20_D3_T1_AlphaBetaStrategie_FreeSpaceHeuristic_T2_AlphaBetaStrategie_VoronoiHeuristic_T3_AlphaBetaStrategie_TreeOfChambersHeuristic_T4_MaxNStrategie_TreeOfChambersHeuristic,20,3,4,2,8,AlphaBetaStrategie,FreeSpaceHeuristic,AlphaBetaStrategie,VoronoiHeuristic,AlphaBetaStrategie,TreeOfChambersHeuristic,MaxNStrategie,TreeOfChambersHeuristic,20,400,Equipe_2,9774,4
P20_D3_T1_AlphaBetaStrategie_FreeSpaceHeuristic_T2_AlphaBetaStrategie_VoronoiHeuristic_T3_AlphaBetaStrategie_TreeOfChambersHeuristic_T4_MaxNStrategie_TreeOfChambersHeuristic,20,3,4,2,8,AlphaBetaStrategie,FreeSpaceHeuristic,AlphaBetaStrategie,VoronoiHeuristic,AlphaBetaStrategie,TreeOfChambersHeuristic,MaxNStrategie,TreeOfChambersHeuristic,21,400,Equipe_2,15129,5
P20_D3_T1_AlphaBetaStrategie_FreeSpaceHeuristic_T2_AlphaBetaStrategie_VoronoiHeuristic_T3_AlphaBetaStrategie_TreeOfChambersHeuristic_T4_MaxNStrategie_TreeOfChambersHeuristic,20,3,4,2,8,AlphaBetaStrategie,FreeSpaceHeuristic,AlphaBetaStrategie,VoronoiHeuristic,AlphaBetaStrategie,TreeOfChambersHeuristic,MaxNStrategie,TreeOfChambersHeuristic,22,400,Equipe_2,11970,6
P20_D3_T1_AlphaBetaStrategie_FreeSpaceHeuristic_T2_AlphaBetaStrategie_VoronoiHeuristic_T3_AlphaBetaStrategie_TreeOfChambersHeuristic_T4_MaxNStrategie_TreeOfChambersHeuristic,20,3,4,2,8,AlphaBetaStrategie,FreeSpaceHeuristic,AlphaBetaStrategie,VoronoiHeuristic,AlphaBetaStrategie,TreeOfChambersHeuristic,MaxNStrategie,TreeOfChambersHeuristic,23,400,Equipe_2,24776,11
P20_D3_T1_AlphaBetaStrategie_FreeSpaceHeuristic_T2_AlphaBetaStrategie_VoronoiHeuristic_T3_AlphaBetaStrategie_TreeOfChambersHeuristic_T4_MaxNStrategie_TreeOfChambersHeuristic,20,3,4,2,8,AlphaBetaStrategie,FreeSpaceHeuristic,AlphaBetaStrategie,VoronoiHeuristic,AlphaBetaStrategie,TreeOfChambersHeuristic,MaxNStrategie,TreeOfChambersHeuristic,24,400,Equipe_2,19852,9
P20_D3_T1_AlphaBetaStrategie_FreeSpaceHeuristic_T2_AlphaBetaStrategie_VoronoiHeuristic_T3_AlphaBetaStrategie_TreeOfChambersHeuristic_T4_MaxNStrategie_TreeOfChambersHeuristic,20,3,4,2,8,AlphaBetaStrategie,FreeSpaceHeuristic,AlphaBetaStrategie,VoronoiHeuristic,AlphaBetaStrategie,TreeOfChambersHeuristic,MaxNStrategie,TreeOfChambersHeuristic,25,400,Equipe_2,15851,5
P20_D3_T1_AlphaBetaStrategie_FreeSpaceHeuristic_T2_AlphaBetaStrategie_VoronoiHeuristic_T3_AlphaBetaStrategie_TreeOfChambersHeuristic_T4_MaxNStrategie_TreeOfChambersHeuristic,20,3,4,2,8,AlphaBetaStrategie,FreeSpaceHeuristic,AlphaBetaStrategie,VoronoiHeuristic,AlphaBetaStrategie,TreeOfChambersHeuristic,MaxNStrategie,TreeOfChambersHeuristic,26,400,Equipe_2,18919,12
P20_D3_T1_AlphaBetaStrategie_FreeSpaceHeuristic_T2_AlphaBetaStrategie_VoronoiHeuristic_T3_AlphaBetaStrategie_TreeOfChambersHeuristic_T4_MaxNStrategie_TreeOfChambersHeuristic,20,3,4,2,8,AlphaBetaStrategie,FreeSpaceHeuristic,AlphaBetaStrategie,VoronoiHeuristic,AlphaBetaStrategie,TreeOfChambersHeuristic,MaxNStrategie,TreeOfChambersHeuristic,27,400,Equipe_2,13254,3
P20_D3_T1_AlphaBetaStrategie_FreeSpaceHeuristic_T2_AlphaBetaStrategie_VoronoiHeuristic_T3_AlphaBetaStrategie_TreeOfChambersHeuristic_T4_MaxNStrategie_TreeOfChambersHeuristic,20,3,4,2,8,AlphaBetaStrategie,FreeSpaceHeuristic,AlphaBetaStrategie,VoronoiHeuristic,AlphaBetaStrategie,TreeOfChambersHeuristic,MaxNStrategie,TreeOfChambersHeuristic,28,400,Equipe_2,18693,5
P20_D3_T1_AlphaBetaStrategie_FreeSpaceHeuristic_T2_AlphaBetaStrategie_VoronoiHeuristic_T3_AlphaBetaStrategie_TreeOfChambersHeuristic_T4_MaxNStrategie_TreeOfChambersHeuristic,20,3,4,2,8,AlphaBetaStrategie,FreeSpaceHeuristic,AlphaBetaStrategie,VoronoiHeuristic,AlphaBetaStrategie,TreeOfChambersHeuristic,MaxNStrategie,TreeOfChambersHeuristic,29,400,Equipe_2,15034,5
P20_D3_T1_AlphaBetaStrategie_FreeSpaceHeuristic_T2_AlphaBetaStrategie_VoronoiHeuristic_T3_AlphaBetaStrategie_TreeOfChambersHeuristic_T4_MaxNStrategie_TreeOfChambersHeuristic,20,3,4,2,8,AlphaBetaStrategie,FreeSpaceHeuristic,AlphaBetaStrategie,VoronoiHeuristic,AlphaBetaStrategie,TreeOfChambersHeuristic,MaxNStrategie,TreeOfChambersHeuristic,30,400,Equipe_2,20672,5
P20_D3_T1_AlphaBetaStrategie_FreeSpaceHeuristic_T2_AlphaBetaStrategie_VoronoiHeuristic_T3_AlphaBetaStrategie_TreeOfChambersHeuristic_T4_MaxNStrategie_TreeOfChambersHeuristic,20,3,4,2,8,AlphaBetaStrategie,FreeSpaceHeuristic,AlphaBetaStrategie,VoronoiHeuristic,AlphaBetaStrategie,TreeOfChambersHeuristic,MaxNStrategie,TreeOfChambersHeuristic,31,400,Equipe_2,10098,3
P20_D3_T1_AlphaBetaStrategie_FreeSpaceHeuristic_T2_AlphaBetaStrategie_VoronoiHeuristic_T3_AlphaBetaStrategie_TreeOfChambersHeuristic_T4_MaxNStrategie_TreeOfChambersHeuristic,20,3,4,2,8,AlphaBetaStrategie,FreeSpaceHeuristic,AlphaBetaStrategie,VoronoiHeuristic,AlphaBetaStrategie,TreeOfChambersHeuristic,MaxNStrategie,TreeOfChambersHeuristic,32,400,Equipe_2,13272,5
P20_D3_T1_AlphaBetaStrategie_FreeSpaceHeuristic_T2_AlphaBetaStrategie_VoronoiHeuristic_T3_AlphaBetaStrategie_TreeOfChambersHeuristic_T4_MaxNStrategie_TreeOfChambersHeuristic,20,3,4,2,8,AlphaBetaStrategie,FreeSpaceHeuristic,AlphaBetaStrategie,VoronoiHeuristic,AlphaBetaStrategie,TreeOfChambersHeuristic,MaxNStrategie,TreeOfChambersHeuristic,33,400,Equipe_2,15424,6
P20_D3_T1_AlphaBetaStrategie_FreeSpaceHeuristic_T2_AlphaBetaStrategie_VoronoiHeuristic_T3_AlphaBetaStrategie_TreeOfChambersHeuristic_T4_MaxNStrategie_TreeOfChambersHeuristic,20,3,4,2,8,AlphaBetaStrategie,FreeSpaceHeuristic,AlphaBetaStrategie,VoronoiHeuristic,AlphaBetaStrategie,TreeOfChambersHeuristic,MaxNStrategie,TreeOfChambersHeuristic,34,400,Equipe_2,11757,4
P20_D3_T1_AlphaBetaStrategie_FreeSpaceHeuristic_T2_AlphaBetaStrategie_VoronoiHeuristic_T3_AlphaBetaStrategie_TreeOfChambersHeuristic_T4_MaxNStrategie_TreeOfChambersHeuristic,20,3,4,2,8,AlphaBetaStrategie,FreeSpaceHeuristic,AlphaBetaStrategie,VoronoiHeuristic,AlphaBetaStrategie,TreeOfChambersHeuristic,MaxNStrategie,TreeOfChambersHeuristic,35,400,Equipe_3,29708,13
P20_D3_T1_AlphaBetaStrategie_FreeSpaceHeuristic_T2_AlphaBetaStrategie_VoronoiHeuristic_T3_AlphaBetaStrategie_TreeOfChambersHeuristic_T4_MaxNStrategie_TreeOfChambersHeuristic,20,3,4,2,8,AlphaBetaStrategie,FreeSpaceHeuristic,AlphaBetaStrategie,VoronoiHeuristic,AlphaBetaStrategie,TreeOfChambersHeuristic,MaxNStrategie,TreeOfChambersHeuristic,36,400,Equipe_2,18864,8
P20_D3_T1_AlphaBetaStrategie_FreeSpaceHeuristic_T2_AlphaBetaStrategie_VoronoiHeuristic_T3_AlphaBetaStrategie_TreeOfChambersHeuristic_T4_MaxNStrategie_TreeOfChambersHeuristic,20,3,4,2,8,AlphaBetaStrategie,FreeSpaceHeuristic,AlphaBetaStrategie,VoronoiHeuristic,AlphaBetaStrategie,TreeOfChambersHeuristic,MaxNStrategie,TreeOfChambersHeuristic,37,400,Equipe_2,14686,6
P20_D3_T1_AlphaBetaStrategie_FreeSpaceHeuristic_T2_AlphaBetaStrategie_VoronoiHeuristic_T3_AlphaBetaStrategie_TreeOfChambersHeuristic_T4_MaxNStrategie_TreeOfChambersHeuristic,20,3,4,2,8,AlphaBetaStrategie,FreeSpaceHeuristic,AlphaBetaStrategie,VoronoiHeuristic,AlphaBetaStrategie,TreeOfChambersHeuristic,MaxNStrategie,TreeOfChambersHeuristic,38,400,Equipe_2,13367,5
P20_D3_T1_AlphaBetaStrategie_FreeSpaceHeuristic_T2_AlphaBetaStrategie_VoronoiHeuristic_T3_AlphaBetaStrategie_TreeOfChambersHeuristic_T4_MaxNStrategie_TreeOfChambersHeuristic,20,3,4,2,8,AlphaBetaStrategie,FreeSpaceHeuristic,AlphaBetaStrategie,VoronoiHeuristic,AlphaBetaStrategie,TreeOfChambersHeuristic,MaxNStrategie,TreeOfChambersHeuristic,39,400,Equipe_2,17246,9
P20_D3_T1_AlphaBetaStrategie_FreeSpaceHeuristic_T2_AlphaBetaStrategie_VoronoiHeuristic_T3_AlphaBetaStrategie_TreeOfChambersHeuristic_T4_MaxNStrategie_TreeOfChambersHeuristic,20,3,4,2,8,AlphaBetaStrategie,FreeSpaceHeuristic,AlphaBetaStrategie,VoronoiHeuristic,AlphaBetaStrategie,TreeOfChambersHeuristic,MaxNStrategie,TreeOfChambersHeuristic,40,400,Equipe_2,16033,5
P20_D3_T1_AlphaBetaStrategie_FreeSpaceHeuristic_T2_AlphaBetaStrategie_VoronoiHeuristic_T3_AlphaBetaStrategie_TreeOfChambersHeuristic_T4_MaxNStrategie_TreeOfChambersHeuristic,20,3,4,2,8,AlphaBetaStrategie,FreeSpaceHeuristic,AlphaBetaStrategie,VoronoiHeuristic,AlphaBetaStrategie,TreeOfChambersHeuristic,MaxNStrategie,TreeOfChambersHeuristic,41,400,Equipe_2,22268,9
P20_D3_T1_AlphaBetaStrategie_FreeSpaceHeuristic_T2_AlphaBetaStrategie_VoronoiHeuristic_T3_AlphaBetaStrategie_TreeOfChambersHeuristic_T4_MaxNStrategie_TreeOfChambersHeuristic,20,3,4,2,8,AlphaBetaStrategie,FreeSpaceHeuristic,AlphaBetaStrategie,VoronoiHeuristic,AlphaBetaStrategie,TreeOfChambersHeuristic,MaxNStrategie,TreeOfChambersHeuristic,42,400,Equipe_2,14206,4
P20_D3_T1_AlphaBetaStrategie_FreeSpaceHeuristic_T2_AlphaBetaStrategie_VoronoiHeuristic_T3_AlphaBetaStrategie_TreeOfChambersHeuristic_T4_MaxNStrategie_TreeOfChambersHeuristic,20,3,4,2,8,AlphaBetaStrategie,FreeSpaceHeuristic,AlphaBetaStrategie,VoronoiHeuristic,AlphaBetaStrategie,TreeOfChambersHeuristic,MaxNStrategie,TreeOfChambersHeuristic,43,400,Equipe_2,16800,7
P20_D3_T1_AlphaBetaStrategie_FreeSpaceHeuristic_T2_AlphaBetaStrategie_VoronoiHeuristic_T3_AlphaBetaStrategie_TreeOfChambersHeuristic_T4_MaxNStrategie_TreeOfChambersHeuristic,20,3,4,2,8,AlphaBetaStrategie,FreeSpaceHeuristic,AlphaBetaStrategie,VoronoiHeuristic,AlphaBetaStrategie,TreeOfChambersHeuristic,MaxNStrategie,TreeOfChambersHeuristic,44,400,Equipe_2,19117,13
P20_D3_T1_AlphaBetaStrategie_FreeSpaceHeuristic_T2_AlphaBetaStrategie_VoronoiHeuristic_T3_AlphaBetaStrategie_TreeOfChambersHeuristic_T4_MaxNStrategie_TreeOfChambersHeuristic,20,3,4,2,8,AlphaBetaStrategie,FreeSpaceHeuristic,AlphaBetaStrategie,VoronoiHeuristic,AlphaBetaStrategie,TreeOfChambersHeuristic,MaxNStrategie,TreeOfChambersHeuristic,45,400,Equipe_2,18126,7
P20_D3_T1_AlphaBetaStrategie_FreeSpaceHeuristic_T2_AlphaBetaStrategie_VoronoiHeuristic_T3_AlphaBetaStrategie_TreeOfChambersHeuristic_T4_MaxNStrategie_TreeOfChambersHeuristic,20,3,4,2,8,AlphaBetaStrategie,FreeSpaceHeuristic,AlphaBetaStrategie,VoronoiHeuristic,AlphaBetaStrategie,TreeOfChambersHeuristic,MaxNStrategie,TreeOfChambersHeuristic,46,400,Equipe_4,12537,6
P20_D3_T1_AlphaBetaStrategie_FreeSpaceHeuristic_T2_AlphaBetaStrategie_VoronoiHeuristic_T3_AlphaBetaStrategie_TreeOfChambersHeuristic_T4_MaxNStrategie_TreeOfChambersHeuristic,20,3,4,2,8,AlphaBetaStrategie,FreeSpaceHeuristic,AlphaBetaStrategie,VoronoiHeuristic,AlphaBetaStrategie,TreeOfChambersHeuristic,MaxNStrategie,TreeOfChambersHeuristic,47,400,Equipe_2,12469,4
P20_D3_T1_AlphaBetaStrategie_FreeSpaceHeuristic_T2_AlphaBetaStrategie_VoronoiHeuristic_T3_AlphaBetaStrategie_TreeOfChambersHeuristic_T4_MaxNStrategie_TreeOfChambersHeuristic,20,3,4,2,8,AlphaBetaStrategie,FreeSpaceHeuristic,AlphaBetaStrategie,VoronoiHeuristic,AlphaBetaStrategie,TreeOfChambersHeuristic,MaxNStrategie,TreeOfChambersHeuristic,48,400,Equipe_2,12903,5
P20_D3_T1_AlphaBetaStrategie_FreeSpaceHeuristic_T2_AlphaBetaStrategie_VoronoiHeuristic_T3_AlphaBetaStrategie_TreeOfChambersHeuristic_T4_MaxNStrategie_TreeOfChambersHeuristic,20,3,4,2,8,AlphaBetaStrategie,FreeSpaceHeuristic,AlphaBetaStrategie,VoronoiHeuristic,AlphaBetaStrategie,TreeOfChambersHeuristic,MaxNStrategie,TreeOfChambersHeuristic,49,400,Match Nul,13648,9
P20_D3_T1_AlphaBetaStrategie_FreeSpaceHeuristic_T2_AlphaBetaStrategie_VoronoiHeuristic_T3_AlphaBetaStrategie_TreeOfChambersHeuristic_T4_MaxNStrategie_TreeOfChambersHeuristic,20,3,4,2,8,AlphaBetaStrategie,FreeSpaceHeuristic,AlphaBetaStrategie,VoronoiHeuristic,AlphaBetaStrategie,TreeOfChambersHeuristic,MaxNStrategie,TreeOfChambersHeuristic,50,400,Equipe_2,6391,5
P20_D3_T1_AlphaBetaStrategie_FreeSpaceHeuristic_T2_AlphaBetaStrategie_VoronoiHeuristic_T3_AlphaBetaStrategie_TreeOfChambersHeuristic_T4_ParanoidStrategie_FreeSpaceHeuristic,20,3,4,2,8,AlphaBetaStrategie,FreeSpaceHeuristic,AlphaBetaStrategie,VoronoiHeuristic,AlphaBetaStrategie,TreeOfChambersHeuristic,ParanoidStrategie,FreeSpaceHeuristic,1,400,Equipe_2,3072,3
P20_D3_T1_AlphaBetaStrategie_FreeSpaceHeuristic_T2_AlphaBetaStrategie_VoronoiHeuristic_T3_AlphaBetaStrategie_TreeOfChambersHeuristic_T4_ParanoidStrategie_FreeSpaceHeuristic,20,3,4,2,8,AlphaBetaStrategie,FreeSpaceHeuristic,AlphaBetaStrategie,VoronoiHeuristic,AlphaBetaStrategie,TreeOfChambersHeuristic,ParanoidStrategie,FreeSpaceHeuristic,2,400,Equipe_2,2522,2
P20_D3_T1_AlphaBetaStrategie_FreeSpaceHeuristic_T2_AlphaBetaStrategie_VoronoiHeuristic_T3_AlphaBetaStrategie_TreeOfChambersHeuristic_T4_ParanoidStrategie_FreeSpaceHeuristic,20,3,4,2,8,AlphaBetaStrategie,FreeSpaceHeuristic,AlphaBetaStrategie,VoronoiHeuristic,AlphaBetaStrategie,TreeOfChambersHeuristic,ParanoidStrategie,FreeSpaceHeuristic,3,400,Equipe_2,4774,6
P20_D3_T1_AlphaBetaStrategie_FreeSpaceHeuristic_T2_AlphaBetaStrategie_VoronoiHeuristic_T3_AlphaBetaStrategie_TreeOfChambersHeuristic_T4_ParanoidStrategie_FreeSpaceHeuristic,20,3,4,2,8,AlphaBetaStrategie,FreeSpaceHeuristic,AlphaBetaStrategie,VoronoiHeuristic,AlphaBetaStrategie,TreeOfChambersHeuristic,ParanoidStrategie,FreeSpaceHeuristic,4,400,Equipe_2,3845,6
P20_D3_T1_AlphaBetaStrategie_FreeSpaceHeuristic_T2_AlphaBetaStrategie_VoronoiHeuristic_T3_AlphaBetaStrategie_TreeOfChambersHeuristic_T4_ParanoidStrategie_FreeSpaceHeuristic,20,3,4,2,8,AlphaBetaStrategie,FreeSpaceHeuristic,AlphaBetaStrategie,VoronoiHeuristic,AlphaBetaStrategie,TreeOfChambersHeuristic,ParanoidStrategie,FreeSpaceHeuristic,5,400,Equipe_2,2760,3
P20_D3_T1_AlphaBetaStrategie_FreeSpaceHeuristic_T2_AlphaBetaStrategie_VoronoiHeuristic_T3_AlphaBetaStrategie_TreeOfChambersHeuristic_T4_ParanoidStrategie_FreeSpaceHeuristic,20,3,4,2,8,AlphaBetaStrategie,FreeSpaceHeuristic,AlphaBetaStrategie,VoronoiHeuristic,AlphaBetaStrategie,TreeOfChambersHeuristic,ParanoidStrategie,FreeSpaceHeuristic,6,400,Equipe_2,2812,4
P20_D3_T1_AlphaBetaStrategie_FreeSpaceHeuristic_T2_AlphaBetaStrategie_VoronoiHeuristic_T3_AlphaBetaStrategie_TreeOfChambersHeuristic_T4_ParanoidStrategie_FreeSpaceHeuristic,20,3,4,2,8,AlphaBetaStrategie,FreeSpaceHeuristic,AlphaBetaStrategie,VoronoiHeuristic,AlphaBetaStrategie,TreeOfChambersHeuristic,ParanoidStrategie,FreeSpaceHeuristic,7,400,Equipe_2,3118,4
P20_D3_T1_AlphaBetaStrategie_FreeSpaceHeuristic_T2_AlphaBetaStrategie_VoronoiHeuristic_T3_AlphaBetaStrategie_TreeOfChambersHeuristic_T4_ParanoidStrategie_FreeSpaceHeuristic,20,3,4,2,8,AlphaBetaStrategie,FreeSpaceHeuristic,AlphaBetaStrategie,VoronoiHeuristic,AlphaBetaStrategie,TreeOfChambersHeuristic,ParanoidStrategie,FreeSpaceHeuristic,8,400,Equipe_2,2804,3
P20_D3_T1_AlphaBetaStrategie_FreeSpaceHeuristic_T2_AlphaBetaStrategie_VoronoiHeuristic_T3_AlphaBetaStrategie_TreeOfChambersHeuristic_T4_ParanoidStrategie_FreeSpaceHeuristic,20,3,4,2,8,AlphaBetaStrategie,FreeSpaceHeuristic,AlphaBetaStrategie,VoronoiHeuristic,AlphaBetaStrategie,TreeOfChambersHeuristic,ParanoidStrategie,FreeSpaceHeuristic,9,400,Equipe_2,1447,5
P20_D3_T1_AlphaBetaStrategie_FreeSpaceHeuristic_T2_AlphaBetaStrategie_VoronoiHeuristic_T3_AlphaBetaStrategie_TreeOfChambersHeuristic_T4_ParanoidStrategie_FreeSpaceHeuristic,20,3,4,2,8,AlphaBetaStrategie,FreeSpaceHeuristic,AlphaBetaStrategie,VoronoiHeuristic,AlphaBetaStrategie,TreeOfChambersHeuristic,ParanoidStrategie,FreeSpaceHeuristic,10,400,Match Nul,2934,10
P20_D3_T1_AlphaBetaStrategie_FreeSpaceHeuristic_T2_AlphaBetaStrategie_VoronoiHeuristic_T3_AlphaBetaStrategie_TreeOfChambersHeuristic_T4_ParanoidStrategie_FreeSpaceHeuristic,20,3,4,2,8,AlphaBetaStrategie,FreeSpaceHeuristic,AlphaBetaStrategie,VoronoiHeuristic,AlphaBetaStrategie,TreeOfChambersHeuristic,ParanoidStrategie,FreeSpaceHeuristic,11,400,Equipe_2,2997,10
P20_D3_T1_AlphaBetaStrategie_FreeSpaceHeuristic_T2_AlphaBetaStrategie_VoronoiHeuristic_T3_AlphaBetaStrategie_TreeOfChambersHeuristic_T4_ParanoidStrategie_FreeSpaceHeuristic,20,3,4,2,8,AlphaBetaStrategie,FreeSpaceHeuristic,AlphaBetaStrategie,VoronoiHeuristic,AlphaBetaStrategie,TreeOfChambersHeuristic,ParanoidStrategie,FreeSpaceHeuristic,12,400,Equipe_2,2379,10
P20_D3_T1_AlphaBetaStrategie_FreeSpaceHeuristic_T2_AlphaBetaStrategie_VoronoiHeuristic_T3_AlphaBetaStrategie_TreeOfChambersHeuristic_T4_ParanoidStrategie_FreeSpaceHeuristic,20,3,4,2,8,AlphaBetaStrategie,FreeSpaceHeuristic,AlphaBetaStrategie,VoronoiHeuristic,AlphaBetaStrategie,TreeOfChambersHeuristic,ParanoidStrategie,FreeSpaceHeuristic,13,400,Equipe_2,1378,3
P20_D3_T1_AlphaBetaStrategie_FreeSpaceHeuristic_T2_AlphaBetaStrategie_VoronoiHeuristic_T3_AlphaBetaStrategie_TreeOfChambersHeuristic_T4_ParanoidStrategie_FreeSpaceHeuristic,20,3,4,2,8,AlphaBetaStrategie,FreeSpaceHeuristic,AlphaBetaStrategie,VoronoiHeuristic,AlphaBetaStrategie,TreeOfChambersHeuristic,ParanoidStrategie,FreeSpaceHeuristic,14,400,Equipe_2,1891,5
P20_D3_T1_AlphaBetaStrategie_FreeSpaceHeuristic_T2_AlphaBetaStrategie_VoronoiHeuristic_T3_AlphaBetaStrategie_TreeOfChambersHeuristic_T4_ParanoidStrategie_FreeSpaceHeuristic,20,3,4,2,8,AlphaBetaStrategie,FreeSpaceHeuristic,AlphaBetaStrategie,VoronoiHeuristic,AlphaBetaStrategie,TreeOfChambersHeuristic,ParanoidStrategie,FreeSpaceHeuristic,15,400,Equipe_2,1759,5
P20_D3_T1_AlphaBetaStrategie_FreeSpaceHeuristic_T2_AlphaBetaStrategie_VoronoiHeuristic_T3_AlphaBetaStrategie_TreeOfChambersHeuristic_T4_ParanoidStrategie_FreeSpaceHeuristic,20,3,4,2,8,AlphaBetaStrategie,FreeSpaceHeuristic,AlphaBetaStrategie,VoronoiHeuristic,AlphaBetaStrategie,TreeOfChambersHeuristic,ParanoidStrategie,FreeSpaceHeuristic,16,400,Equipe_2,3006,8
P20_D3_T1_AlphaBetaStrategie_FreeSpaceHeuristic_T2_AlphaBetaStrategie_VoronoiHeuristic_T3_AlphaBetaStrategie_TreeOfChambersHeuristic_T4_ParanoidStrategie_FreeSpaceHeuristic,20,3,4,2,8,AlphaBetaStrategie,FreeSpaceHeuristic,AlphaBetaStrategie,VoronoiHeuristic,AlphaBetaStrategie,TreeOfChambersHeuristic,ParanoidStrategie,FreeSpaceHeuristic,17,400,Equipe_2,1951,6
P20_D3_T1_AlphaBetaStrategie_FreeSpaceHeuristic_T2_AlphaBetaStrategie_VoronoiHeuristic_T3_AlphaBetaStrategie_TreeOfChambersHeuristic_T4_ParanoidStrategie_FreeSpaceHeuristic,20,3,4,2,8,AlphaBetaStrategie,FreeSpaceHeuristic,AlphaBetaStrategie,VoronoiHeuristic,AlphaBetaStrategie,TreeOfChambersHeuristic,ParanoidStrategie,FreeSpaceHeuristic,18,400,Equipe_3,2622,9
P20_D3_T1_AlphaBetaStrategie_FreeSpaceHeuristic_T2_AlphaBetaStrategie_VoronoiHeuristic_T3_AlphaBetaStrategie_TreeOfChambersHeuristic_T4_ParanoidStrategie_FreeSpaceHeuristic,20,3,4,2,8,AlphaBetaStrategie,FreeSpaceHeuristic,AlphaBetaStrategie,VoronoiHeuristic,AlphaBetaStrategie,TreeOfChambersHeuristic,ParanoidStrategie,FreeSpaceHeuristic,19,400,Equipe_2,1977,5
P20_D3_T1_AlphaBetaStrategie_FreeSpaceHeuristic_T2_AlphaBetaStrategie_VoronoiHeuristic_T3_AlphaBetaStrategie_TreeOfChambersHeuristic_T4_ParanoidStrategie_FreeSpaceHeuristic,20,3,4,2,8,AlphaBetaStrategie,FreeSpaceHeuristic,AlphaBetaStrategie,VoronoiHeuristic,AlphaBetaStrategie,TreeOfChambersHeuristic,ParanoidStrategie,FreeSpaceHeuristic,20,400,Equipe_2,2300,7
P20_D3_T1_AlphaBetaStrategie_FreeSpaceHeuristic_T2_AlphaBetaStrategie_VoronoiHeuristic_T3_AlphaBetaStrategie_TreeOfChambersHeuristic_T4_ParanoidStrategie_FreeSpaceHeuristic,20,3,4,2,8,AlphaBetaStrategie,FreeSpaceHeuristic,AlphaBetaStrategie,VoronoiHeuristic,AlphaBetaStrategie,TreeOfChambersHeuristic,ParanoidStrategie,FreeSpaceHeuristic,21,400,Equipe_2,2421,7
P20_D3_T1_AlphaBetaStrategie_FreeSpaceHeuristic_T2_AlphaBetaStrategie_VoronoiHeuristic_T3_AlphaBetaStrategie_TreeOfChambersHeuristic_T4_ParanoidStrategie_FreeSpaceHeuristic,20,3,4,2,8,AlphaBetaStrategie,FreeSpaceHeuristic,AlphaBetaStrategie,VoronoiHeuristic,AlphaBetaStrategie,TreeOfChambersHeuristic,ParanoidStrategie,FreeSpaceHeuristic,22,400,Equipe_2,2951,12
P20_D3_T1_AlphaBetaStrategie_FreeSpaceHeuristic_T2_AlphaBetaStrategie_VoronoiHeuristic_T3_AlphaBetaStrategie_TreeOfChambersHeuristic_T4_ParanoidStrategie_FreeSpaceHeuristic,20,3,4,2,8,AlphaBetaStrategie,FreeSpaceHeuristic,AlphaBetaStrategie,VoronoiHeuristic,AlphaBetaStrategie,TreeOfChambersHeuristic,ParanoidStrategie,FreeSpaceHeuristic,23,400,Equipe_2,3091,9
P20_D3_T1_AlphaBetaStrategie_FreeSpaceHeuristic_T2_AlphaBetaStrategie_VoronoiHeuristic_T3_AlphaBetaStrategie_TreeOfChambersHeuristic_T4_ParanoidStrategie_FreeSpaceHeuristic,20,3,4,2,8,AlphaBetaStrategie,FreeSpaceHeuristic,AlphaBetaStrategie,VoronoiHeuristic,AlphaBetaStrategie,TreeOfChambersHeuristic,ParanoidStrategie,FreeSpaceHeuristic,24,400,Equipe_2,794,3
P20_D3_T1_AlphaBetaStrategie_FreeSpaceHeuristic_T2_AlphaBetaStrategie_VoronoiHeuristic_T3_AlphaBetaStrategie_TreeOfChambersHeuristic_T4_ParanoidStrategie_FreeSpaceHeuristic,20,3,4,2,8,AlphaBetaStrategie,FreeSpaceHeuristic,AlphaBetaStrategie,VoronoiHeuristic,AlphaBetaStrategie,TreeOfChambersHeuristic,ParanoidStrategie,FreeSpaceHeuristic,25,400,Equipe_3,3486,10
P20_D3_T1_AlphaBetaStrategie_FreeSpaceHeuristic_T2_AlphaBetaStrategie_VoronoiHeuristic_T3_AlphaBetaStrategie_TreeOfChambersHeuristic_T4_ParanoidStrategie_FreeSpaceHeuristic,20,3,4,2,8,AlphaBetaStrategie,FreeSpaceHeuristic,AlphaBetaStrategie,VoronoiHeuristic,AlphaBetaStrategie,TreeOfChambersHeuristic,ParanoidStrategie,FreeSpaceHeuristic,26,400,Equipe_2,2136,7
P20_D3_T1_AlphaBetaStrategie_FreeSpaceHeuristic_T2_AlphaBetaStrategie_VoronoiHeuristic_T3_AlphaBetaStrategie_TreeOfChambersHeuristic_T4_ParanoidStrategie_FreeSpaceHeuristic,20,3,4,2,8,AlphaBetaStrategie,FreeSpaceHeuristic,AlphaBetaStrategie,VoronoiHeuristic,AlphaBetaStrategie,TreeOfChambersHeuristic,ParanoidStrategie,FreeSpaceHeuristic,27,400,Equipe_2,1881,4
P20_D3_T1_AlphaBetaStrategie_FreeSpaceHeuristic_T2_AlphaBetaStrategie_VoronoiHeuristic_T3_AlphaBetaStrategie_TreeOfChambersHeuristic_T4_ParanoidStrategie_FreeSpaceHeuristic,20,3,4,2,8,AlphaBetaStrategie,FreeSpaceHeuristic,AlphaBetaStrategie,VoronoiHeuristic,AlphaBetaStrategie,TreeOfChambersHeuristic,ParanoidStrategie,FreeSpaceHeuristic,28,400,Equipe_3,2229,8
P20_D3_T1_AlphaBetaStrategie_FreeSpaceHeuristic_T2_AlphaBetaStrategie_VoronoiHeuristic_T3_AlphaBetaStrategie_TreeOfChambersHeuristic_T4_ParanoidStrategie_FreeSpaceHeuristic,20,3,4,2,8,AlphaBetaStrategie,FreeSpaceHeuristic,AlphaBetaStrategie,VoronoiHeuristic,AlphaBetaStrategie,TreeOfChambersHeuristic,ParanoidStrategie,FreeSpaceHeuristic,29,400,Equipe_2,1573,4
P20_D3_T1_AlphaBetaStrategie_FreeSpaceHeuristic_T2_AlphaBetaStrategie_VoronoiHeuristic_T3_AlphaBetaStrategie_TreeOfChambersHeuristic_T4_ParanoidStrategie_FreeSpaceHeuristic,20,3,4,2,8,AlphaBetaStrategie,FreeSpaceHeuristic,AlphaBetaStrategie,VoronoiHeuristic,AlphaBetaStrategie,TreeOfChambersHeuristic,ParanoidStrategie,FreeSpaceHeuristic,30,400,Equipe_2,1393,3
P20_D3_T1_AlphaBetaStrategie_FreeSpaceHeuristic_T2_AlphaBetaStrategie_VoronoiHeuristic_T3_AlphaBetaStrategie_TreeOfChambersHeuristic_T4_ParanoidStrategie_FreeSpaceHeuristic,20,3,4,2,8,AlphaBetaStrategie,FreeSpaceHeuristic,AlphaBetaStrategie,VoronoiHeuristic,AlphaBetaStrategie,TreeOfChambersHeuristic,ParanoidStrategie,FreeSpaceHeuristic,31,400,Equipe_2,972,3
P20_D3_T1_AlphaBetaStrategie_FreeSpaceHeuristic_T2_AlphaBetaStrategie_VoronoiHeuristic_T3_AlphaBetaStrategie_TreeOfChambersHeuristic_T4_ParanoidStrategie_FreeSpaceHeuristic,20,3,4,2,8,AlphaBetaStrategie,FreeSpaceHeuristic,AlphaBetaStrategie,VoronoiHeuristic,AlphaBetaStrategie,TreeOfChambersHeuristic,ParanoidStrategie,FreeSpaceHeuristic,32,400,Equipe_2,1336,4
P20_D3_T1_AlphaBetaStrategie_FreeSpaceHeuristic_T2_AlphaBetaStrategie_VoronoiHeuristic_T3_AlphaBetaStrategie_TreeOfChambersHeuristic_T4_ParanoidStrategie_FreeSpaceHeuristic,20,3,4,2,8,AlphaBetaStrategie,FreeSpaceHeuristic,AlphaBetaStrategie,VoronoiHeuristic,AlphaBetaStrategie,TreeOfChambersHeuristic,ParanoidStrategie,FreeSpaceHeuristic,33,400,Equipe_2,1927,5
P20_D3_T1_AlphaBetaStrategie_FreeSpaceHeuristic_T2_AlphaBetaStrategie_VoronoiHeuristic_T3_AlphaBetaStrategie_TreeOfChambersHeuristic_T4_ParanoidStrategie_FreeSpaceHeuristic,20,3,4,2,8,AlphaBetaStrategie,FreeSpaceHeuristic,AlphaBetaStrategie,VoronoiHeuristic,AlphaBetaStrategie,TreeOfChambersHeuristic,ParanoidStrategie,FreeSpaceHeuristic,34,400,Equipe_2,1717,4
P20_D3_T1_AlphaBetaStrategie_FreeSpaceHeuristic_T2_AlphaBetaStrategie_VoronoiHeuristic_T3_AlphaBetaStrategie_TreeOfChambersHeuristic_T4_ParanoidStrategie_FreeSpaceHeuristic,20,3,4,2,8,AlphaBetaStrategie,FreeSpaceHeuristic,AlphaBetaStrategie,VoronoiHeuristic,AlphaBetaStrategie,TreeOfChambersHeuristic,ParanoidStrategie,FreeSpaceHeuristic,35,400,Equipe_2,2019,7
P20_D3_T1_AlphaBetaStrategie_FreeSpaceHeuristic_T2_AlphaBetaStrategie_VoronoiHeuristic_T3_AlphaBetaStrategie_TreeOfChambersHeuristic_T4_ParanoidStrategie_FreeSpaceHeuristic,20,3,4,2,8,AlphaBetaStrategie,FreeSpaceHeuristic,AlphaBetaStrategie,VoronoiHeuristic,AlphaBetaStrategie,TreeOfChambersHeuristic,ParanoidStrategie,FreeSpaceHeuristic,36,400,Match Nul,2902,7
P20_D3_T1_AlphaBetaStrategie_FreeSpaceHeuristic_T2_AlphaBetaStrategie_VoronoiHeuristic_T3_AlphaBetaStrategie_TreeOfChambersHeuristic_T4_ParanoidStrategie_FreeSpaceHeuristic,20,3,4,2,8,AlphaBetaStrategie,FreeSpaceHeuristic,AlphaBetaStrategie,VoronoiHeuristic,AlphaBetaStrategie,TreeOfChambersHeuristic,ParanoidStrategie,FreeSpaceHeuristic,37,400,Equipe_2,2126,4
P20_D3_T1_AlphaBetaStrategie_FreeSpaceHeuristic_T2_AlphaBetaStrategie_VoronoiHeuristic_T3_AlphaBetaStrategie_TreeOfChambersHeuristic_T4_ParanoidStrategie_FreeSpaceHeuristic,20,3,4,2,8,AlphaBetaStrategie,FreeSpaceHeuristic,AlphaBetaStrategie,VoronoiHeuristic,AlphaBetaStrategie,TreeOfChambersHeuristic,ParanoidStrategie,FreeSpaceHeuristic,38,400,Match Nul,2084,6
P20_D3_T1_AlphaBetaStrategie_FreeSpaceHeuristic_T2_AlphaBetaStrategie_VoronoiHeuristic_T3_AlphaBetaStrategie_TreeOfChambersHeuristic_T4_ParanoidStrategie_FreeSpaceHeuristic,20,3,4,2,8,AlphaBetaStrategie,FreeSpaceHeuristic,AlphaBetaStrategie,VoronoiHeuristic,AlphaBetaStrategie,TreeOfChambersHeuristic,ParanoidStrategie,FreeSpaceHeuristic,39,400,Equipe_2,1179,3
P20_D3_T1_AlphaBetaStrategie_FreeSpaceHeuristic_T2_AlphaBetaStrategie_VoronoiHeuristic_T3_AlphaBetaStrategie_TreeOfChambersHeuristic_T4_ParanoidStrategie_FreeSpaceHeuristic,20,3,4,2,8,AlphaBetaStrategie,FreeSpaceHeuristic,AlphaBetaStrategie,VoronoiHeuristic,AlphaBetaStrategie,TreeOfChambersHeuristic,ParanoidStrategie,FreeSpaceHeuristic,40,400,Equipe_2,1489,4
P20_D3_T1_AlphaBetaStrategie_FreeSpaceHeuristic_T2_AlphaBetaStrategie_VoronoiHeuristic_T3_AlphaBetaStrategie_TreeOfChambersHeuristic_T4_ParanoidStrategie_FreeSpaceHeuristic,20,3,4,2,8,AlphaBetaStrategie,FreeSpaceHeuristic,AlphaBetaStrategie,VoronoiHeuristic,AlphaBetaStrategie,TreeOfChambersHeuristic,ParanoidStrategie,FreeSpaceHeuristic,41,400,Equipe_2,1250,3
P20_D3_T1_AlphaBetaStrategie_FreeSpaceHeuristic_T2_AlphaBetaStrategie_VoronoiHeuristic_T3_AlphaBetaStrategie_TreeOfChambersHeuristic_T4_ParanoidStrategie_FreeSpaceHeuristic,20,3,4,2,8,AlphaBetaStrategie,FreeSpaceHeuristic,AlphaBetaStrategie,VoronoiHeuristic,AlphaBetaStrategie,TreeOfChambersHeuristic,ParanoidStrategie,FreeSpaceHeuristic,42,400,Equipe_2,1563,4
P20_D3_T1_AlphaBetaStrategie_FreeSpaceHeuristic_T2_AlphaBetaStrategie_VoronoiHeuristic_T3_AlphaBetaStrategie_TreeOfChambersHeuristic_T4_ParanoidStrategie_FreeSpaceHeuristic,20,3,4,2,8,AlphaBetaStrategie,FreeSpaceHeuristic,AlphaBetaStrategie,VoronoiHeuristic,AlphaBetaStrategie,TreeOfChambersHeuristic,ParanoidStrategie,FreeSpaceHeuristic,43,400,Equipe_2,2713,13
P20_D3_T1_AlphaBetaStrategie_FreeSpaceHeuristic_T2_AlphaBetaStrategie_VoronoiHeuristic_T3_AlphaBetaStrategie_TreeOfChambersHeuristic_T4_ParanoidStrategie_FreeSpaceHeuristic,20,3,4,2,8,AlphaBetaStrategie,FreeSpaceHeuristic,AlphaBetaStrategie,VoronoiHeuristic,AlphaBetaStrategie,TreeOfChambersHeuristic,ParanoidStrategie,FreeSpaceHeuristic,44,400,Equipe_2,1300,5
P20_D3_T1_AlphaBetaStrategie_FreeSpaceHeuristic_T2_AlphaBetaStrategie_VoronoiHeuristic_T3_AlphaBetaStrategie_TreeOfChambersHeuristic_T4_ParanoidStrategie_FreeSpaceHeuristic,20,3,4,2,8,AlphaBetaStrategie,FreeSpaceHeuristic,AlphaBetaStrategie,VoronoiHeuristic,AlphaBetaStrategie,TreeOfChambersHeuristic,ParanoidStrategie,FreeSpaceHeuristic,45,400,Equipe_2,1143,4
P20_D3_T1_AlphaBetaStrategie_FreeSpaceHeuristic_T2_AlphaBetaStrategie_VoronoiHeuristic_T3_AlphaBetaStrategie_TreeOfChambersHeuristic_T4_ParanoidStrategie_FreeSpaceHeuristic,20,3,4,2,8,AlphaBetaStrategie,FreeSpaceHeuristic,AlphaBetaStrategie,VoronoiHeuristic,AlphaBetaStrategie,TreeOfChambersHeuristic,ParanoidStrategie,FreeSpaceHeuristic,46,400,Equipe_2,1797,6
P20_D3_T1_AlphaBetaStrategie_FreeSpaceHeuristic_T2_AlphaBetaStrategie_VoronoiHeuristic_T3_AlphaBetaStrategie_TreeOfChambersHeuristic_T4_ParanoidStrategie_FreeSpaceHeuristic,20,3,4,2,8,AlphaBetaStrategie,FreeSpaceHeuristic,AlphaBetaStrategie,VoronoiHeuristic,AlphaBetaStrategie,TreeOfChambersHeuristic,ParanoidStrategie,FreeSpaceHeuristic,47,400,Equipe_2,2042,8
P20_D3_T1_AlphaBetaStrategie_FreeSpaceHeuristic_T2_AlphaBetaStrategie_VoronoiHeuristic_T3_AlphaBetaStrategie_TreeOfChambersHeuristic_T4_ParanoidStrategie_FreeSpaceHeuristic,20,3,4,2,8,AlphaBetaStrategie,FreeSpaceHeuristic,AlphaBetaStrategie,VoronoiHeuristic,AlphaBetaStrategie,TreeOfChambersHeuristic,ParanoidStrategie,FreeSpaceHeuristic,48,400,Equipe_2,987,4
P20_D3_T1_AlphaBetaStrategie_FreeSpaceHeuristic_T2_AlphaBetaStrategie_VoronoiHeuristic_T3_AlphaBetaStrategie_TreeOfChambersHeuristic_T4_ParanoidStrategie_FreeSpaceHeuristic,20,3,4,2,8,AlphaBetaStrategie,FreeSpaceHeuristic,AlphaBetaStrategie,VoronoiHeuristic,AlphaBetaStrategie,TreeOfChambersHeuristic,ParanoidStrategie,FreeSpaceHeuristic,49,400,Equipe_3,1919,9
P20_D3_T1_AlphaBetaStrategie_FreeSpaceHeuristic_T2_AlphaBetaStrategie_VoronoiHeuristic_T3_AlphaBetaStrategie_TreeOfChambersHeuristic_T4_ParanoidStrategie_FreeSpaceHeuristic,20,3,4,2,8,AlphaBetaStrategie,FreeSpaceHeuristic,AlphaBetaStrategie,VoronoiHeuristic,AlphaBetaStrategie,TreeOfChambersHeuristic,ParanoidStrategie,FreeSpaceHeuristic,50,400,Equipe_2,1662,15
